id,hospital_name,site_name,lat,lon,geo_qual,street,house_number,postcode,city,cc,country,cap_beds,cap_prac,cap_rooms,emergency,facility_type,public_private,list_specs,tel,email,url,ref_date,pub_date
1000,ALGEMEEN ZIEKENHUIS ST. LUCAS,,51.1851255,3.2491382,-1,ST.-LUCASLAAN 29,,8310,BRUGGE,BE,Belgium,419,,,yes,Algemeen ziekenhuis,private,,050/36.91.11,,www.stlucas.be,01/02/20,31/03/2020
1010,ALGEMEEN ZIEKENHUIS ST.-JAN BRUGGE-OOSTENDE,ST. JAN BRUGGE,51.2206660999999,3.1933863,-1,RUDDERSHOVE 10,,8000,BRUGGE,BE,Belgium,727,,,yes,Algemeen ziekenhuis met universitair karakter,public,,050/45.21.11,,www.azsintjan.be,01/02/20,31/03/2020
1020,ALGEMEEN ZIEKENHUIS ST.-JAN BRUGGE-OOSTENDE,ST. FRANCISCUS - XAVERIUS,51.2130758,3.2255249,-1,SPAANSE LOSKAAI 1,,8000,BRUGGE,BE,Belgium,139,,,no,,,,050/47.04.70,,,01/02/20,31/03/2020
1040,ALGEMEEN ZIEKENHUIS ZENO,BLANKENBERGE,51.3080013999999,3.1247034,-1,DR. VERHAEGHESTRAAT 1,,8370,BLANKENBERGE,BE,Belgium,64,,,yes,,,,050/53.40.00,,,01/02/20,31/03/2020
1060,ALGEMEEN ZIEKENHUIS GROENINGE,REEPKAAI,50.8297229999999,3.2609141,-1,REEPKAAI 4,,8500,KORTRIJK,BE,Belgium,100,,,no,,,,056/63.63.63,,,01/02/20,31/03/2020
1090,ALGEMEEN ZIEKENHUIS GROENINGE,KENNEDYLAAN,50.79918,3.2632211,-1,PRESIDENT KENNEDYLAAN 4,,8500,KORTRIJK,BE,Belgium,949,,,yes,Algemeen ziekenhuis,private,,056/63.63.63,,www.azgroeninge.be,01/02/20,31/03/2020
1100,ALGEMEEN ZIEKENHUIS DELTA,BRUGSESTEENWEG,50.9540338,3.1235185,-1,BRUGSESTEENWEG 90,,8800,ROESELARE,BE,Belgium,323,,,no,,,,051/23.61.11,,,01/02/20,31/03/2020
1120,JAN YPERMAN ZIEKENHUIS Vzw,POPERINGE,50.8559032,2.74437339999999,-1,OOSTLAAN 11,,8970,POPERINGE,BE,Belgium,0,,,no,,,,057/35.35.35,,,01/02/20,31/03/2020
1150,ALGEMEEN ZIEKENHUIS DELTA,WESTLAAN,50.9380746999999,3.1154934,-1,WESTLAAN 123,,8800,ROESELARE,BE,Belgium,179,,,no,,,,051/23.81.11,,,01/02/20,31/03/2020
1170,ST.-ANDRIESZIEKENHUIS,,51.0023021999999,3.3232573,-1,BRUGGESTRAAT 84,,8700,TIELT,BE,Belgium,266,,,yes,Algemeen ziekenhuis,private,,051/42.51.11,,www.sintandriestielt.be,01/02/20,31/03/2020
1180,ZIEKENHUISNETWERK ANTWERPEN,ZNA STUIVENBERG,51.2221392,4.4352579,-1,LANGE BEELDEKENSSTRAAT 267,,2060,ANTWERPEN-6,BE,Belgium,320,,,yes,,,,03/217.71.11,,,01/02/20,31/03/2020
1190,ZIEKENHUISNETWERK ANTWERPEN,ZNA ST. ERASMUS,51.208112,4.4469065,-1,LT. LIPPENSLAAN 55,,2140,BORGERHOUT,BE,Belgium,87,,,no,,,,03/270.80.11,,,01/02/20,31/03/2020
1200,ZIEKENHUISNETWERK ANTWERPEN,ZNA ST. ELISABETH,51.2141960999999,4.40734149999999,-1,LEOPOLDSTRAAT 26,,2000,ANTWERPEN-1,BE,Belgium,204,,,no,Algemeen ziekenhuis met universitair karakter,private,,03/234.41.11,,www.zna.be,01/02/20,31/03/2020
1201,ZIEKENHUISNETWERK ANTWERPEN,PZ STUIVENBERG,51.2245397999999,4.4365073,-1,POTHOEKSTRAAT 109,,2060,ANTWERPEN,BE,Belgium,313,,,no,Psychiatrisch ziekenhuis,private,,03/217.71.11,,www.zna.be,01/02/20,31/03/2020
1210,A.Z. MONICA,DEURNE,51.206274,4.4704842,-1,FLORENT PAUWELSLEI 1,,2100,DEURNE,BE,Belgium,265,,,yes,Algemeen ziekenhuis,private,,03/320.50.00,,www.azmonica.be,01/02/20,31/03/2020
1220,A.Z. MONICA,ANTWERPEN,51.2017600999999,4.4102536,-1,HARMONIESTRAAT 68,,2018,ANTWERPEN-1,BE,Belgium,201,,,yes,,,,03/240.20.20,,,01/02/20,31/03/2020
1250,ALGEMEEN ZIEKENHUIS HERENTALS,,51.1846342,4.8356473,-1,NEDERRIJ 133,,2200,HERENTALS,BE,Belgium,243,,,yes,Algemeen ziekenhuis,private,,014/24.61.11,,www.azherentals.be,01/02/20,31/03/2020
1260,HEILIG HART ZIEKENHUIS Vzw,,51.1320961,4.56407829999999,-1,MECHELSESTRAAT 24,,2500,LIER,BE,Belgium,451,,,yes,Algemeen ziekenhuis,private,,03/491.23.45,,www.hhzhlier.be,01/02/20,31/03/2020
1270,A.Z. RIVIERENLAND,RUMST,51.1055853999999,4.3708686,-1,S HERENBAAN 172,,2840,RUMST,BE,Belgium,196,,,yes,Algemeen ziekenhuis,private,,03/880.90.11,,www.azrivierenland.be,01/02/20,31/03/2020
1280,ALGEMEEN ZIEKENHUIS TURNHOUT,ST. ELISABETH,51.3138985999999,4.94379649999999,-1,RUBENSSTRAAT 166,,2300,TURNHOUT,BE,Belgium,342,,,yes,,,,014/40.60.11,,,01/02/20,31/03/2020
1290,GZA- ZIEKENHUIZEN,GZA- ST. AUGUSTINUS,51.1743625,4.4180904,-1,OOSTERVELDLAAN 24,,2610,WILRIJK,BE,Belgium,580,,,yes,Algemeen ziekenhuis met universitair karakter,private,,03/443.30.11,,www.gza.be,01/02/20,31/03/2020
1300,ONZE LIEVE VROUWZIEKENHUIS,ASSE,50.9098003999999,4.1956862,-1,BLOKLAAN 5,,1730,ASSE,BE,Belgium,192,,,yes,,,,02/300.61.11,,,01/02/20,31/03/2020
1310,KLINIEK ST.-JAN - CLINIQUE ST. JEAN,KRUIDTUIN / BOTANIQUE,50.854399,4.36038069999999,-1,KRUIDTUINLAAN 32,,1000,BRUSSEL--1,BE,Belgium,394,,,yes,Algemeen ziekenhuis - Hôpital général,private,,02/221.91.11,,www.klstjan.be,01/02/20,31/03/2020
1320,ALGEMEEN ZIEKENHUIS DIEST,STATIESTRAAT,50.9885851999999,5.05086229999999,-1,STATIESTRAAT 65,,3290,DIEST,BE,Belgium,174,,,yes,Algemeen ziekenhuis,private,,013/35.40.11,,www.azdiest.be,01/02/20,31/03/2020
1330,ALGEMEEN ZIEKENHUIS DIEST,HASSELTSESTRAAT,50.9817105,5.05302549999999,-1,HASSELTSESTRAAT 27-29,,3290,DIEST,BE,Belgium,40,,,no,,,,013/35.40.11,,,01/02/20,31/03/2020
1340,A.Z. SINT-MARIA,,50.7363919999999,4.2257915,-1,ZIEKENHUISLAAN 100,,1500,HALLE,BE,Belgium,350,,,yes,Algemeen ziekenhuis,private,,02/363.12.11,,www.sintmaria.be,01/02/20,31/03/2020
1360,REGIONAAL ZIEKENHUIS HEILIG HART,,50.8723740999999,4.6997577,-1,NAAMSESTRAAT 105,,3000,LEUVEN,BE,Belgium,287,,,yes,Algemeen ziekenhuis,private,,016/20.92.11,,www.hhleuven.be,01/02/20,31/03/2020
1370,REGIONAAL ZIEKENHUIS HEILIG HART TIENEN,MARIENDAL,50.8107849999999,4.934169,-1,KLINIEKSTRAAT 45,,3300,TIENEN,BE,Belgium,216,,,yes,Algemeen ziekenhuis,private,,016/80.90.11,,www.rztienen.be,01/02/20,31/03/2020
1380,REGIONAAL ZIEKENHUIS HEILIG HART TIENEN,MEDISCH CENTRUM AARSCHOT,50.9936353999999,4.8478078,-1,LANGDORPSESTEENWEG 129,,3200,AARSCHOT,BE,Belgium,0,,,no,,,,016/55.17.11,,,01/02/20,31/03/2020
1390,REGIONAAL ZIEKENHUIS HEILIG HART TIENEN,ST. -JAN,50.8149527,4.94075499999999,-1,HOUTEMSTRAAT 115,,3300,TIENEN,BE,Belgium,87,,,no,,,,016/80.90.11,,,01/02/20,31/03/2020
1400,EUROPAZIEKENHUIZEN - CLINIQUES DE L'EUROPE,ST. ELISABETH,50.8051947999999,4.3684585,-1,DE FRELAAN 206,,1180,BRUSSEL-18,BE,Belgium,424,,,yes,Algemeen ziekenhuis - Hôpital général,private,,02/614.20.00,,www.cliniquesdeleurope.be; www.europaziekenhuizen.be,01/02/20,31/03/2020
1420,EUROPAZIEKENHUIZEN - CLINIQUES DE L'EUROPE,ST.-MICHEL,50.8432344,4.4001301,-1,RUE DE LINTHOUT 150,,1040,BRUXELLES--4,BE,Belgium,291,,,yes,,,,02/614.30.00,,,01/02/20,31/03/2020
1460,ALGEMEEN ZIEKENHUIS VILVOORDE,JAN PORTAELS,50.9278583,4.41803429999999,-1,GENDARMERIESTRAAT 65,,1800,VILVOORDE,BE,Belgium,406,,,yes,Algemeen ziekenhuis,private,,02/254.64.00,,www.azjanportaels.be,01/02/20,31/03/2020
1470,CENTRE HOSPITALIER INTERREGIONAL EDITH CAVELL (SARE),CLINIQUE STE. ANNE - ST. REMI,50.8451468999999,4.31721259999999,-1,BD. J. GRAINDOR 66,,1070,BRUXELLES--7,BE,Belgium,327,,,yes,Algemeen ziekenhuis - Hôpital général,private,,02/434.31.11,,www.chirec.be,01/02/20,31/03/2020
1480,KLINIEK ST.-JAN - CLINIQUE ST. JEAN,MERIDIEN / MIDDAGLIJN,50.8561639,4.36927539999999,-1,RUE DU MERIDIEN 100,,1210,BRUXELLES,BE,Belgium,76,,,no,,,,02/225.91.11,,,01/02/20,31/03/2020
1490,VALISANA ASBL,VALIDA,50.8670100999999,4.3063362,-1,AVENUE JOSSE GOFFIN 180,,1082,BRUXELLES--8,BE,Belgium,175,,,no,,,,02/482.40.00,,,01/02/20,31/03/2020
1500,CENTRE HOSPITALIER UNIV. ST.-PIERRE,CESAR DE PAEPE,50.8435492,4.34933389999999,-1,RUE DES ALEXIENS 11,,1000,BRUXELLES--1,BE,Belgium,151,,,no,,,,02/506.71.11,,,01/02/20,31/03/2020
1510,INSTITUT JULES BORDET,,50.8285075,4.3441349,-1,BOULEVARD DE WATERLOO 121-125,,1000,BRUXELLES--1,BE,Belgium,160,,,yes,A.Z. met univ. karakter - Hôpital général à caractère univ.,public,,02/541.31.11,,www.bordet.be,01/02/20,31/03/2020
1520,CENTRE HOSPITALIER UNIV. ST.-PIERRE,PORTE DE HAL / HALLEPOORT,50.8344886,4.34594179999999,-1,RUE HAUTE 322,,1000,BRUXELLES--1,BE,Belgium,431,,,yes,A.Z. met univ. karakter - Hôpital général à caractère univ.,public,,02/535.31.11,,www.stpierre-bru.be,01/02/20,31/03/2020
1530,HOPITAUX IRIS SUD - IRIS ZIEKENHUIZEN ZUID,BARON LAMBERT,50.834962,4.389228,-1,RUE BARON LAMBERT 38,,1040,BRUXELLES--4,BE,Belgium,0,,,no,Algemeen ziekenhuis - Hôpital général,public,,02/739.84.11,,www.his-izz.be,01/02/20,31/03/2020
1540,HOPITAUX IRIS SUD - IRIS ZIEKENHUIZEN ZUID,JOSEPH BRACOPS,50.8333315,4.29284359999999,-1,RUE DOCTEUR HUET 79,,1070,BRUXELLES--7,BE,Belgium,170,,,yes,,,,02/556.12.12,,,01/02/20,31/03/2020
1550,HOPITAUX IRIS SUD - IRIS ZIEKENHUIZEN ZUID,MOLIERE LONGCHAMP,50.8157582,4.341704,-1,RUE MARCONI 142,,1190,BRUXELLES-19,BE,Belgium,195,,,yes,,,,02/348.51.11,,,01/02/20,31/03/2020
1560,HOPITAUX IRIS SUD - IRIS ZIEKENHUIZEN ZUID,ETTERBEEK-IXELLES/ELSENE,50.8251858,4.3787626,-1,RUE JEAN PAQUOT 63,,1050,BRUXELLES--5,BE,Belgium,185,,,yes,,,,02/641.41.11,,,01/02/20,31/03/2020
1570,CENTRE HOSPITALIER UNIVERSITAIRE BRUGMANN,VICTOR HORTA,50.8863049,4.33282809999999,-1,PLACE A. VAN GEHUCHTEN 4,,1020,BRUXELLES--2,BE,Belgium,631,,,yes,A.Z. met univ. karakter - Hôpital général à caractère univ.,public,,02/477.21.11,,www.chu-brugmann.be,01/02/20,31/03/2020
1571,CENTRE HOSPITALIER UNIVERSITAIRE BRUGMANN,REINE ASTRID,50.9073079,4.3922922,-1,RUE BRUYN 1,,1120,BRUXELLES,BE,Belgium,96,,,no,,,,02/477.21.11,,,01/02/20,31/03/2020
1590,CENTRE HOSPITALIER UNIVERSITAIRE BRUGMANN,PAUL BRIEN,50.8712722,4.3866584,-1,RUE DU FOYER SCHAERBEEKOIS 36,,1030,BRUXELLES--3,BE,Belgium,126,,,yes,,,,02/477.21.11,,,01/02/20,31/03/2020
1605,ALGEMEEN ZIEKENHUIS MARIA MIDDELARES,ALGEMEEN ZIEKENHUIS,51.024231,3.702642,-1,BUITENRING SINT-DENIJS 30,,9000,GENT,BE,Belgium,542,,,yes,Algemeen ziekenhuis,private,,09/246.46.46,,www.mariamiddelares.be,01/02/20,31/03/2020
1610,ALGEMEEN ZIEKENHUIS JAN PALFIJN,,51.0493042999999,3.7003914,-1,HENRI DUNANTLAAN 5,,9000,GENT,BE,Belgium,526,,,yes,Algemeen ziekenhuis,public,,09/224.71.11,,www.janpalfijn.be,01/02/20,31/03/2020
1630,"ALGEMEEN ZIEKENHUIS ST. LUCAS ",ST. LUCAS,51.0618304,3.721311,-1,GROENEBRIEL 1,,9000,GENT,BE,Belgium,619,,,yes,Algemeen ziekenhuis,private,,09/224.61.11,,www.azstlucas.be,01/02/20,31/03/2020
1640,ALGEMEEN ZIEKENHUIS ST. LUCAS,VOLKSKLINIEK,51.0603847,3.7216915,-1,TICHELREI 1,,9000,GENT,BE,Belgium,160,,,yes,,,,09/224.56.11,,,01/02/20,31/03/2020
1650,ALGEMEEN ZIEKENHUIS LOKEREN,,51.1012044999999,3.9996549,-1,LEPELSTRAAT 2,,9160,LOKEREN,BE,Belgium,170,,,yes,Algemeen ziekenhuis,private,,09/340.81.11,,www.azlokeren.be,01/02/20,31/03/2020
1660,ALGEMEEN ZIEKENHUIS OUDENAARDE,,50.8415922999999,3.5996834,-1,MINDERBROEDERSSTRAAT 3,,9700,OUDENAARDE,BE,Belgium,235,,,yes,Algemeen ziekenhuis,private,,055/33.61.11,,www.azoudenaarde.be,01/02/20,31/03/2020
1680,ALGEMEEN ZIEKENHUIS GLORIEUX,,50.7546965999999,3.6012024,-1,GLORIEUXLAAN 55,,9600,RONSE,BE,Belgium,340,,,yes,Algemeen ziekenhuis,private,,055/23.30.11,,www.azglorieux.be,01/02/20,31/03/2020
1710,CENTRES HOSPITALIERS JOLIMONT,HOPITAL NIVELLES,50.5953543,4.3177933,-1,RUE SAMIETTE 1,,1400,NIVELLES,BE,Belgium,221,,,yes,Hôpital général,private,,067/88.52.11,,www.jolimont.be,01/02/20,31/03/2020
1730,CLINIQUE SAINT PIERRE,,50.6680449,4.560548,-1,AVENUE REINE FABIOLA 9,,1340,OTTIGNIES,BE,Belgium,425,,,yes,Hôpital général,private,,010/43.72.11,,www.cspo.be,01/02/20,31/03/2020
1760,CENTRE HOSPITALIER INTERREGIONAL EDITH CAVELL (SARE),BRAINE - L'ALLEUD,50.6850389999999,4.36801,-1,RUE WAYEZ 35,,1420,BRAINE-L'ALLEUD,BE,Belgium,287,,,yes,,,,02/434.91.11,,,01/02/20,31/03/2020
1770,CENTRE HOSPITALIER INTERREGIONAL EDITH CAVELL (SARE),BASILIQUE,50.8694657,4.3175349,-1,RUE PANGAERT 37-47,,1083,BRUXELLES--8,BE,Belgium,0,,,no,,,,02/434.21.11,,,01/02/20,31/03/2020
1780,ONZE LIEVE VROUWZIEKENHUIS,AALST,50.9438949,4.0539701,-1,MOORSELBAAN 164,,9300,AALST,BE,Belgium,622,,,yes,Algemeen ziekenhuis,private,,053/72.41.11,,www.olvz.be,01/02/20,31/03/2020
1790,ONZE LIEVE VROUWZIEKENHUIS,MEDISCH CENTRUM,50.8367582,4.0212036,-1,BIEZENSTRAAT 2,,9400,NINOVE,BE,Belgium,30,,,no,,,,054/31.21.11,,,01/02/20,31/03/2020
1800,ALGEMEEN STEDELIJK ZIEKENHUIS,AALST,50.9348697999999,4.0181449,-1,MERESTRAAT 80,,9300,AALST,BE,Belgium,344,,,yes,Algemeen ziekenhuis,public,,053/76.41.11,,www.asz.be,01/02/20,31/03/2020
1810,ALGEMEEN STEDELIJK ZIEKENHUIS,WETTEREN,51.0104167999999,3.8980436,-1,WEGVOERINGSTRAAT 73,,9230,WETTEREN,BE,Belgium,60,,,no,,,,09/368.82.11,,,01/02/20,31/03/2020
1820,ALGEMEEN STEDELIJK ZIEKENHUIS,GERAARDSBERGEN,50.7707769999999,3.87729829999999,-1,GASTHUISSTRAAT 4,,9500,GERAARDSBERGEN,BE,Belgium,154,,,yes,,,,054/43.21.11,,,01/02/20,31/03/2020
1830,ST.-VINCENTIUSZIEKENHUIS,,50.9860816,3.52801889999999,-1,SCHUTTERIJSTRAAT 34,,9800,DEINZE,BE,Belgium,170,,,yes,Algemeen ziekenhuis,private,,09/387.71.11,,www.azstvdeinze.be,01/02/20,31/03/2020
1845,ALGEMEEN ZIEKENHUIS ALMA,,51.1908238,3.5328549,-1,RINGLAAN 15,,9900,EEKLO,BE,Belgium,442,,,yes,Algemeen ziekenhuis,private,,09/310.00.00,,www.azalma.be,01/02/20,31/03/2020
1850,ALGEMEEN ZIEKENHUIS MARIA MIDDELARES,MEDISCH CENTRUM,51.0430567,3.7556037,-1,KLINIEKSTRAAT 27,,9050,GENTBRUGGE,BE,Belgium,0,,,no,,,,09/260.60.60,,,01/02/20,31/03/2020
1860,ALGEMEEN ZIEKENHUIS NIKOLAAS,SINT-NIKLAAS,51.1614493999999,4.1498227,-1,MOERLANDSTRAAT 1,,9100,SINT-NIKLAAS,BE,Belgium,708,,,yes,Algemeen ziekenhuis,private,,03/760.60.60,,www.aznikolaas.be,01/02/20,31/03/2020
1870,ALGEMEEN ZIEKENHUIS NIKOLAAS,BEVEREN-WAAS,51.2100649,4.2510047,-1,OUDE ZANDSTRAAT 99,,9120,BEVEREN,BE,Belgium,102,,,no,,,,03/760.50.11,,,01/02/20,31/03/2020
1871,ALGEMEEN PSYCHIATRISCH ZIEKENHUIS SINT-LUCIA,DAGKLINIEK,51.2081732,4.25869689999999,-1,STATIONSSTRAAT 120,,9120,BEVEREN,BE,Belgium,30,,,no,,,,,,,01/02/20,31/03/2020
1880,ALGEMEEN ZIEKENHUIS NIKOLAAS,TEMSE,51.1285143,4.2133061,-1,GASTHUISSTRAAT 5,,9140,TEMSE,BE,Belgium,0,,,no,,,,03/780.40.11,,,01/02/20,31/03/2020
1900,ALGEMEEN ZIEKENHUIS ST.-ELISABETH,,50.8643013999999,3.8165937,-1,GODVEERDEGEMSTRAAT 69,,9620,ZOTTEGEM,BE,Belgium,333,,,yes,Algemeen ziekenhuis,private,,09/364.81.11,,www.sezz.be,01/02/20,31/03/2020
1910,CENTRE HOSPITALIER EPICURA,ATH,50.6338559999999,3.777627,-1,RUE MARIA THOMEE 1,,7800,ATH,BE,Belgium,237,,,yes,Hôpital général à caractère universitaire,private,,068/26.21.11,,www.epicura.be,01/02/20,31/03/2020
1920,ST.-JOZEFSKLINIEK Vzw,ST. JOZEFKLINIEK,50.9184731,3.21113389999999,-1,OMMEGANGSTRAAT 7,,8870,IZEGEM,BE,Belgium,271,,,yes,Algemeen ziekenhuis,private,,051/33.41.11,,www.sint-jozefkliniek-izegem.be,01/02/20,31/03/2020
1930,ALGEMEEN ZIEKENHUIS ST.-JAN BRUGGE-OOSTENDE,HENRI SERRUYS,51.2223739,2.91360519999999,-1,KAIROSTRAAT 84,,8400,OOSTENDE,BE,Belgium,316,,,yes,,,,059/55.51.11,,,01/02/20,31/03/2020
1940,ALGEMEEN ZIEKENHUIS DAMIAAN,,51.2189802,2.9333611,-1,GOUWELOZESTRAAT 100,,8400,OOSTENDE,BE,Belgium,523,,,yes,Algemeen ziekenhuis,private,,059/41.40.40,,www.azdamiaan.be,01/02/20,31/03/2020
1950,ALGEMEEN ZIEKENHUIS DELTA,WILGENSTRAAT,50.9395227,3.1206566,-1,RODE KRUISSTRAAT 20,,8800,ROESELARE,BE,Belgium,492,,,yes,Algemeen ziekenhuis,private,,051/23.71.11,,www.azdelta.be,01/02/20,31/03/2020
1960,ALGEMEEN ZIEKENHUIS DELTA,MENEN,50.7921443,3.1228843,-1,OUDE LEIELAAN 6,,8930,MENEN,BE,Belgium,198,,,yes,,,,056/52.21.11,,,01/02/20,31/03/2020
1970,ALGEMEEN ZIEKENHUIS DELTA,REMBERT,51.0702373999999,3.0987247,-1,ST.-REMBERTLAAN 21,,8820,TORHOUT,BE,Belgium,211,,,yes,,,,050/23.21.11,,,01/02/20,31/03/2020
1980,AZ WEST,,51.0621679,2.6685368,-1,IEPERSE STEENWEG 100,,8630,VEURNE,BE,Belgium,224,,,yes,Algemeen ziekenhuis,private,,058/33.31.11,,www.azwest.be,01/02/20,31/03/2020
1990,O.L.V. VAN LOURDES ZIEKENHUIS WAREGEM,,50.8994648,3.4168729,-1,VIJFSEWEG 150,,8790,WAREGEM,BE,Belgium,264,,,yes,Algemeen ziekenhuis,private,,056/62.31.11,,www.ziekenhuiswaregem.be,01/02/20,31/03/2020
2000,ZIEKENHUISNETWERK ANTWERPEN,ZNA MIDDELHEIM/KONINGIN PAOLA KINDERZIEKENHUIS,51.1817753,4.4212415,-1,LINDENDREEF 1,,2020,ANTWERPEN,BE,Belgium,736,,,yes,,,,03/280.31.11,,,01/02/20,31/03/2020
2010,ZIEKENHUISNETWERK ANTWERPEN,ZNA HOGE BEUKEN,51.1839979999999,4.3531837,-1,COMMANDANT WEYNSSTRAAT 165,,2660,HOBOKEN,BE,Belgium,196,,,no,,,,03/830.90.90,,,01/02/20,31/03/2020
2020,GZA- ZIEKENHUIZEN,GZA- ST. VINCENTIUS,51.2059492,4.412103,-1,ST.-VINCENTIUSSTRAAT 20,,2018,ANTWERPEN-1,BE,Belgium,336,,,yes,,,,03/285.20.00,,,01/02/20,31/03/2020
2030,GZA- ZIEKENHUIZEN,GZA- ST. JOZEF,51.1647362,4.4607697,-1,MOLENSTRAAT 19,,2640,MORTSEL,BE,Belgium,96,,,yes,,,,03/444.12.11,,,01/02/20,31/03/2020
2040,IMELDA  ZIEKENHUIS,,51.0168645,4.5591061,-1,IMELDALAAN 9,,2820,BONHEIDEN,BE,Belgium,502,,,yes,Algemeen ziekenhuis,private,,015/50.50.11,,www.imelda.be,01/02/20,31/03/2020
2060,A.Z. RIVIERENLAND,BORNEM,51.1002021,4.2322725,-1,KASTEELSTRAAT 23,,2880,BORNEM,BE,Belgium,220,,,yes,,,,03/890.16.11,,www.sjk.be,01/02/20,31/03/2020
2080,HEILIG HARTZIEKENHUIS V.Z.W.,,51.1863246,5.1131858,-1,GASTHUISSTRAAT 1,,2400,MOL,BE,Belgium,183,,,yes,Algemeen ziekenhuis,private,,014/71.20.00,,www.azmol.be,01/02/20,31/03/2020
2090,ALGEMEEN ZIEKENHUIS ST.-JOZEF,,51.2742931999999,4.6444488,-1,OUDE LIERSEBAAN 4,,2390,MALLE,BE,Belgium,250,,,yes,Algemeen ziekenhuis,private,,03/380.20.11,,www.azsintjozef.be,01/02/20,31/03/2020
2100,ALGEMEEN ZIEKENHUIS TURNHOUT,ST. JOZEF,51.335119,4.9211767,-1,STEENWEG OP MERKSPLAS 44,,2300,TURNHOUT,BE,Belgium,305,,,yes,Algemeen ziekenhuis,private,,014/44.41.11,,www.azturnhout.be,01/02/20,31/03/2020
2110,A.Z. RIVIERENLAND,WILLEBROEK,51.0537828999999,4.3575766,-1,TISSELTSESTEENWEG 27,,2830,WILLEBROEK,BE,Belgium,0,,,no,,,,03/860.32.22,,,01/02/20,31/03/2020
2120,EPSYLON Asbl,FOND'ROY,50.7861274,4.3666537,-1,AVENUE J. PASTUR 49,,1180,BRUXELLES-18,BE,Belgium,172,,,no,Psychiatrisch ziekenhuis - Hôpital psychiatrique,private,,02/375.44.93,,www.epsylon.be,01/02/20,31/03/2020
2125,EPSYLON Asbl,AREA+,50.7932608,4.345568,-1,CHAUSSEE ST. JOB 294,,1180,BRUXELLES-18,BE,Belgium,40,,,no,Psychiatrisch ziekenhuis - Hôpital psychiatrique,private,,02/431.77.00,,www.epsylon.be,01/02/20,31/03/2020
2130,EPSYLON Asbl,LA RAMEE,50.805265,4.3449021,-1,AVENUE DE BOETENDAEL 34,,1180,BRUXELLES-18,BE,Belgium,100,,,no,Psychiatrisch ziekenhuis - Hôpital psychiatrique,private,,02/344.18.94,,www.epsylon.be,01/02/20,31/03/2020
2140,PSYCHIATRISCH CENTRUM ST.-AMANDUS,,51.1157128,3.31716549999999,-1,REIGERLOSTRAAT 10,,8730,BEERNEM,BE,Belgium,459,,,no,Psychiatrisch ziekenhuis,private,,050/79.95.00,,www.amandus.be,01/02/20,31/03/2020
2150,"PSYCHO-THERAPEUTISCH CENTRUM ""RUSTENBURG""",,51.2156239,3.2016332,-1,WAGGELWATERSTRAAT 2,,8000,BRUGGE,BE,Belgium,72,,,no,Psychiatrisch ziekenhuis,private,,050/31.81.65,,www.ptcrustenburg.be,01/02/20,31/03/2020
2160,PSYCHIATRISCH ZIEKENHUIS H.-HART,,50.8490859,2.8686129,-1,POPERINGSEWEG 16,,8900,IEPER,BE,Belgium,347,,,no,Psychiatrisch ziekenhuis,private,,057/23.91.11,,www.hhartieper.be,01/02/20,31/03/2020
2170,PSYCHIATRISCH ZIEKENHUIS HEILIGE FAMILIE,,50.8291592,3.2754935,-1,GROENINGEPOORT 4,,8500,KORTRIJK,BE,Belgium,120,,,no,Psychiatrisch ziekenhuis,private,,056/24.52.11,,www.pzhfamilie.be,01/02/20,31/03/2020
2180,PSYCHIATRISCH CENTRUM O.L.V. VAN VREDE,,50.7988718,3.1229236,-1,BRUGGESTRAAT 75,,8930,MENEN,BE,Belgium,233,,,no,Psychiatrisch ziekenhuis,private,,056/52.14.51,,www.pc-menen.be,01/02/20,31/03/2020
2190,KLINIEK ST. JOZEF,,50.9832458,3.2477055,-1,BOTERSTRAAT 6,,8740,PITTEM,BE,Belgium,197,,,no,Psychiatrisch ziekenhuis,private,,051/46.70.41,,www.sintjozefpittem.be,01/02/20,31/03/2020
2200,PSYCHIATRISCH ZIEKENHUIS ONZE LIEVE VROUW,,51.1972394999999,3.2139721,-1,KONING ALBERT I  LAAN 8,,8200,BRUGGE,BE,Belgium,412,,,no,Psychiatrisch ziekenhuis,private,,050/30.18.00,,www.pzolv.be,01/02/20,31/03/2020
2210,PSYCHIATRISCH CENTRUM ST.-JAN,,51.182128,3.5734489,-1,OOSTVELDSTRAAT 1,,9900,EEKLO,BE,Belgium,201,,,no,Psychiatrisch ziekenhuis,private,,09/376.97.11,,www.psyeeklo.be,01/02/20,31/03/2020
2220,PSYCHIATRISCH CENTRUM GENT - SLEIDINGE Vzw,GENT,51.0620705,3.72359379999999,-1,FRATERSPLEIN 9,,9000,GENT,BE,Belgium,125,,,no,Psychiatrisch ziekenhuis,private,,09/225.82.96,,www.pcgs.be,01/02/20,31/03/2020
2230,PSYCHIATRISCH CENTRUM DR. GUISLAIN,SINT-ALFONS,51.0336734,3.7321617,-1,ST.-JULIAANSTRAAT 1,,9000,GENT,BE,Belgium,119,,,no,,,,09/243.55.55,,,01/02/20,31/03/2020
2240,ZIEKENHUISNETWERK ANTWERPEN,ZNA JOOSTENS,51.2587512,4.626135,-1,KAPELLEI 133,,2980,ZOERSEL,BE,Belgium,60,,,no,,,,03/384.56.11,,,01/02/20,31/03/2020
2280,SILVA MEDICAL  Vzw,CLINIQUE DE LA FORET DE SOIGNES,50.7095355,4.40715849999999,-1,CHEMIN DU SANATORIUM 1,,1310,LA HULPE,BE,Belgium,96,,,no,,,,02/352.61.11,,,01/02/20,31/03/2020
2321,"ISOSL, INTERCOMMUNALE DE SOINS SPECIALISES DE LIEGE",HOPITAL VALDOR,50.6340218,5.5891446,-1,RUE BASSE- WEZ 145,,4020,LIEGE,BE,Belgium,229,,,no,Hôpital général,public,,04/341.78.11,,www.isosl.be,01/02/20,31/03/2020
2330,"ISOSL, INTERCOMMUNALE DE SOINS SPECIALISES DE LIEGE",HOPITAL PERI,50.6489428,5.5682009,-1,MONTAGNE STE.-WALBURGE 4BIS,,4000,LIEGE,BE,Belgium,257,,,no,,,,04/225.87.11,,,01/02/20,31/03/2020
2340,SILVA MEDICAL Vzw,SCHEUTBOS,50.8549801,4.2908918,-1,GELUKKIGE GRIJSHEIDSTRAAT 1,,1080,BRUSSEL--8,BE,Belgium,120,,,no,Algemeen ziekenhuis - Hôpital général,private,,02/482.49.49,,www.silva-medical.be,01/02/20,31/03/2020
2350,CENTRE HOSPITALIER UNIVERSITAIRE DE LIEGE - SART TILMAN,CNRF,50.4851999,5.4311031,-1,CHAMPS DES ALOUETTES 30,,4557,FRAITURE-EN-CONDROZ,BE,Belgium,120,,,no,,,,085/51.91.11,,,01/02/20,31/03/2020
2380,CLINIQUES UNIVERSITAIRES DE BRUXELLES - HOPITAL ERASME,HOPITAL DE REVALIDATION GERIATRIQUE,50.8507453,4.4220235,-1,RUE DE LA CHARRETTE 27,,1200,BRUXELLES-20,BE,Belgium,75,,,no,,,,02/777.75.11,,,01/02/20,31/03/2020
2390,CLINIQUES UNIVERSITAIRES DE BRUXELLES - HOPITAL ERASME,CTR,50.8863049,4.33282809999999,-1,PLACE A. VAN GEHUCHTEN 4,,1020,BRUXELLES--2,BE,Belgium,117,,,no,,,,02/475.12.11,,www.ctrbxl.eu,01/02/20,31/03/2020
2430,SILVA MEDICAL Vzw,CLINIQUE DU BOIS DE LA PIERRE,50.6957716999999,4.6153163,-1,CHAUSSEE DE NAMUR 201,,1300,WAVRE,BE,Belgium,224,,,no,,,,010/88.21.11,,,01/02/20,31/03/2020
2450,ALGEMEEN ZIEKENHUIS KLINA V.Z.W.,DE MICK,51.3087659,4.54565229999999,-1,PAPESTRAAT 30,,2930,BRASSCHAAT,BE,Belgium,122,,,no,,,,03/217.10.11,,,01/02/20,31/03/2020
2460,KLINIEK ST.-JAN - CLINIQUE ST. JEAN,LEOPOLD I,50.8753291999999,4.3361539,-1,LEOPOLD I STRAAT 314,,1090,BRUXELLES--9,BE,Belgium,78,,,no,,,,02/421.00.20,,,01/02/20,31/03/2020
2480,CHU UCL NAMUR,FOYER ST. FRANCOIS,50.4568013999999,4.8390318,-1,RUE LOUIS LOISEAU 39A,,5000,NAMUR,BE,Belgium,10,,,no,,,,081/74.13.00,,,01/02/20,31/03/2020
2490,CENTRE HOSPITALIER DE LA HAUTE SENNE,LE GOELAND,50.5637652,3.9838304,-1,GRAND CHEMIN 61,,7063,NEUFVILLES,BE,Belgium,6,,,no,,,,067/28.31.11,,,01/02/20,31/03/2020
2500,FOYER HORIZON,CENTRE DE SOINS ST. JOSEPH,50.7301538,5.9933124,-1,RUE DE LA CLINIQUE 24,,4850,MORESNET,BE,Belgium,6,,,no,Hôpital général,public,,087/78.90.04,,www.inago.be,01/02/20,31/03/2020
2510,PSYCHIATRISCH CENTRUM MULTIVERSUM,ALEXIANEN,51.1623030999999,4.5044403,-1,PROVINCIESTEENWEG 408,,2530,BOECHOUT,BE,Belgium,233,,,no,Psychiatrisch ziekenhuis,private,,03/455.75.31,,www.multiversum.care,01/02/20,31/03/2020
2530,PSYCHIATRISCH ZIEKENHUIS DUFFEL,,51.0918263999999,4.4978988,-1,STATIONSTRAAT 22C,,2570,DUFFEL,BE,Belgium,601,,,no,Psychiatrisch ziekenhuis,private,,015/30.40.30,,www.pz-duffel.be,01/02/20,31/03/2020
2540,OPENBAAR PSYCHIATRISCH ZORGCENTRUM GEEL,,51.1528641999999,4.9827996,-1,DR. SANODREEF 4,,2440,GEEL,BE,Belgium,747,,,no,Psychiatrisch ziekenhuis,public,,014/57.91.11,,www.opzgeel.be,01/02/20,31/03/2020
2560,PSYCHIATRISCH CENTRUM MULTIVERSUM,AMEDEUS,51.1852243999999,4.4500347,-1,DEURNESTRAAT 252,,2640,MORTSEL,BE,Belgium,358,,,no,Psychiatrisch ziekenhuis,private,,03/440.68.50,,,01/02/20,31/03/2020
2570,PSYCHIATRISCH ZIEKENHUIS BETHANIENHUIS,ZOERSEL,51.2781911999999,4.64324979999999,-1,ANDREAS VESALIUSLAAN 39,,2980,ZOERSEL,BE,Belgium,577,,,no,Psychiatrisch ziekenhuis,private,,03/380.30.11,,www.pzbethanienhuis.be,01/02/20,31/03/2020
2571,PSYCHIATRISCH ZIEKENHUIS BETHANIENHUIS,ELIM,51.3020165,4.4547207,-1,JAGERSDREEF 100,,2950,KAPELLEN,BE,Belgium,44,,,no,,,,03/317.11.00,,www.elim.be,01/02/20,31/03/2020
2580,UNIVERSITAIR PSYCHIATRISCH CENTRUM ST.-KAMILLUS,KRIJKELBERG,50.852534,4.75202239999999,-1,KRIJKELBERG 1,,3360,BIERBEEK,BE,Belgium,335,,,no,Psychiatrisch ziekenhuis,private,,016/45.26.11,,www.kamillus.be,01/02/20,31/03/2020
2590,CENTRE HOSPITALIER LE DOMAINE,,50.6821266,4.3403753,-1,CHEMIN JEAN LANNEAU 39,,1420,BRAINE-L'ALLEUD,BE,Belgium,143,,,no,Hôpital psychiatrique,public,,02/384.25.93,,www.ulb.ac.be/assoc/chorus/domaine,01/02/20,31/03/2020
2600,PSYCHIATRISCH  ZIEKENHUIS ST. ANNENDAEL,,50.9872432999999,5.06,-1,VESTENSTRAAT 1,,3290,DIEST,BE,Belgium,178,,,no,Psychiatrisch ziekenhuis,private,,013/38.05.11,,www.sad.be,01/02/20,31/03/2020
2610,UPC KU LEUVEN,KORTENBERG,50.8909491,4.55094939999999,-1,LEUVENSESTEENWEG 517,,3070,KORTENBERG,BE,Belgium,481,,,no,Psychiatrisch ziekenhuis,private,,02/758.05.11,,www.upckuleuven.be,01/02/20,31/03/2020
2620,PSYCHIATRISCHE ZIEKENHUIS ST.-ALEXIUS,,50.9203598,4.3593215,-1,GRIMBERGSESTEENWEG 40,,1850,GRIMBERGEN,BE,Belgium,169,,,no,Psychiatrisch ziekenhuis,private,,02/270.93.30,,www.alexiusgrimbergen.be,01/02/20,31/03/2020
2630,VALISANA ASBL,SANATIA,50.855819,4.3698063,-1,RUE DU MOULIN 27 - 29,,1210,BRUXELLES,BE,Belgium,100,,,no,Algemeen ziekenhuis - Hôpital général,private,,02/211.00.40,,www.valida.be,01/02/20,31/03/2020
2640,CLINIQUE SANS SOUCI,,50.8823973,4.3166956,-1,AVENUE DE L'EXPOSITION 218,,1090,BRUXELLES--9,BE,Belgium,145,,,no,Psychiatrisch ziekenhuis - Hôpital psychiatrique,private,,02/478.04.33,,www.sans-souci.be,01/02/20,31/03/2020
2670,CENTRE HOPITALIER JEAN TITECA,,50.854442,4.3919121,-1,RUE DE LA LUZERNE 11,,1030,BRUXELLES--3,BE,Belgium,255,,,no,Psychiatrisch ziekenhuis - Hôpital psychiatrique,private,,02/735.01.60,,www.chjt.be,01/02/20,31/03/2020
2680,PSYCHIATRISCHE KLINIEK  BROEDERS ALEXIANEN,"LIEFDESTRAAT ",50.808558,4.944357,-1,LIEFDESTRAAT 10,,3300,TIENEN,BE,Belgium,248,,,no,Psychiatrisch ziekenhuis,private,,016/80.75.11,,www.alexianentienen.be,01/02/20,31/03/2020
2690,ALGEMEEN ZIEKENHUIS  ST.-DIMPNA,,51.159754,5.000116,-1,J.B. STESSENSSTRAAT 2,,2440,GEEL,BE,Belgium,294,,,yes,Algemeen ziekenhuis,public,,014/57.77.77,,www.ziekenhuisgeel.be,01/02/20,31/03/2020
2700,JAN YPERMAN ZIEKENHUIS Vzw,IEPER,50.8662615999999,2.8959622,-1,BRIEKESTRAAT 12,,8900,IEPER,BE,Belgium,499,,,yes,Algemeen ziekenhuis,private,,057/35.35.35,,www.yperman.net,01/02/20,31/03/2020
2710,CHR MONS - HAINAUT,ST. JOSEPH,50.4542577,3.9600001,-1,AV. B. DE CONSTANTINOPLE 5,,7000,MONS,BE,Belgium,257,,,yes,Hôpital général,private,,065/38.55.11,,www.chrmonshainaut.be,01/02/20,31/03/2020
2720,CHR MONS - HAINAUT,WARQUIGNIES,50.4173699,3.8069967,-1,RUE DES CHAUFOURS 27,,7300,BOUSSU,BE,Belgium,169,,,yes,,,,065/38.55.11,,,01/02/20,31/03/2020
2730,C.H.U. AMBROISE PARE,,50.4602025999999,3.95678189999999,-1,BOULEVARD KENNEDY 2,,7000,MONS,BE,Belgium,415,,,yes,Hôpital général à caractère universitaire,public,,065/41.40.00,,www.hap.be,01/02/20,31/03/2020
2750,C.H. UNIVERSITAIRE ANDRE VESALE,ANDRE VESALE,50.361933,4.364199,-1,RUE DE GOZEE 706,,6110,MONTIGNY-LE-TILLEUL,BE,Belgium,371,,,yes,Hôpital général à caractère universitaire,public,,071/92.15.11,,www.chu-charleroi.be,01/02/20,31/03/2020
2770,CENTRE HOSPITALIER DE MOUSCRON,,50.7492721,3.219642,-1,AVENUE DE FECAMP 49,,7700,MOUSCRON,BE,Belgium,355,,,yes,Hôpital général,private,,056/85.85.85,,www.chmouscron.be,01/02/20,31/03/2020
2780,CENTRE HOSPITALIER DE LA HAUTE SENNE,SAINT-VINCENT,50.5769184,4.06667479999999,-1,BOULEVARD ROOSEVELT 17,,7060,SOIGNIES,BE,Belgium,40,,,no,Hôpital général,public,,067/34.84.11,,www.chrhautesenne.be,01/02/20,31/03/2020
2790,CENTRE HOSPITALIER DE LA HAUTE SENNE,LE TILLERIAU,50.5811498,4.0775226,-1,CHAUSSEE DE BRAINE 47,,7060,SOIGNIES,BE,Belgium,200,,,yes,,,,067/34.84.11,,,01/02/20,31/03/2020
2810,CENTRE HOSPITALIER DE WALLONIE PICARDE - Chwapi,NOTRE-DAME,50.6137188,3.38710789999999,-1,AVENUE DELMEE 9,,7500,TOURNAI,BE,Belgium,233,,,no,Hôpital général,private,,069/33.31.11,,www.chwapi.be,01/02/20,31/03/2020
2830,CENTRE HOSPITALIER DE WALLONIE PICARDE - Chwapi,UNION,50.5995223,3.38463449999999,-1,RUE DES SPORTS 51,,7500,TOURNAI,BE,Belgium,371,,,yes,,,,069/33.11.11,,,01/02/20,31/03/2020
2840,CENTRE HOSPITALIER UNIVERSITAIRE DE LIEGE - SART TILMAN,NOTRE-DAME DES BRUYERES,50.6237132,5.6359743,-1,RUE DE GAILLARMONT 600,,4032,CHENEE,BE,Belgium,253,,,yes,,,,04/242.52.00,,,01/02/20,31/03/2020
2850,ST.-NIKOLAUS HOSPITAL,,50.6291047,6.0293706,-1,HUFENGASSE 4-8,,4700,EUPEN,BE,Belgium,192,,,yes,Allgemein krankenhaus,private,,087/59.95.99,,www.st-nikolaushospital-eupen.be,01/02/20,31/03/2020
2860,CLINIQUE ANDRE RENARD,,50.6747993,5.6336604,-1,RUE ANDRE RENARD 1,,4040,HERSTAL,BE,Belgium,160,,,yes,Hôpital général,private,,04/248.72.11,,www.solidaris-liege.be/clinique/la-clinique-andre-renard,01/02/20,31/03/2020
2870,CENTRE HOSPITALIER REGIONAL DE HUY,,50.5133127999999,5.2394941,-1,RUE TROIS PONTS 2,,4500,HUY,BE,Belgium,317,,,yes,Hôpital général à caractère universitaire,public,,085/27.21.11,,www.chrh.be,01/02/20,31/03/2020
2910,CENTRE HOSPITALIER CHRETIEN,CLINIQUE ST. JOSEPH LIEGE,50.6480226,5.5554732,-1,RUE DE HESBAYE 75,,4000,LIEGE-1,BE,Belgium,285,,,yes,Hôpital général,private,,04/224.81.11,,www.chc.be,01/02/20,31/03/2020
2920,CENTRE HOSPITALIER CHRETIEN,CLINIQUE DE L'ESPERANCE,50.6409101,5.5346375,-1,RUE ST.-NICOLAS 447,,4420,MONTEGNEE,BE,Belgium,199,,,yes,,,,04/224.91.11,,,01/02/20,31/03/2020
2930,CENTRE HOSPITALIER CHRETIEN,"CLINIQUE NOTRE-DAME ",50.6910169999999,5.243802,-1,RUE DE SELYS LONGCHAMPS 47,,4300,WAREMME,BE,Belgium,87,,,yes,,,,019/33.94.11,,,01/02/20,31/03/2020
2940,CENTRE HOSPITALIER CHRETIEN,"CLINIQUE NOTRE-DAME ",50.7363756999999,5.68872769999999,-1,RUE BASSE HERMALLE 4,,4681,HERMALLE-SOUS-ARGENTEAU,BE,Belgium,110,,,yes,Hôpital général,private,,04/374.70.00,,www.chc.be,01/02/20,31/03/2020
2950,CLINIQUE REINE ASTRID,,50.4258328999999,6.024832,-1,RUE DEVANT LES RELIGIEUSES 2,,4960,MALMEDY,BE,Belgium,151,,,yes,Hôpital général,public,,080/79.31.11,,,01/02/20,31/03/2020
2960,CENTRE HOSPITALIER CHRETIEN,CLINIQUE ST. VINCENT,50.6861141,5.549563,-1,RUE FRANCOIS LEFEBVRE 207,,4000,ROCOURT,BE,Belgium,245,,,no,,,,04/239.41.11,,,01/02/20,31/03/2020
2970,CENTRE HOSPITALIER CHRETIEN,CLINIQUE STE. ELISABETH,50.5777099999999,5.86280899999999,-1,RUE DU NAIMEUX 17,,4802,HEUSY,BE,Belgium,118,,,yes,,,,087/21.31.11,,,01/02/20,31/03/2020
2980,KLINIK ST.-JOSEF,,50.278188,6.12701439999999,-1,KLOSTERSTRASSE 9,,4780,SANKT-VITH,BE,Belgium,143,,,yes,Allgemein krankenhaus,private,,080/85.41.11,,www.klinik.be,01/02/20,31/03/2020
2981,KLINIK ST.-JOSEF,HOPITAL DE JOUR  PSYCHIATRIQUE,50.6315732,6.0261312,-1,VERVIERSER STRASSE 26,,4700,EUPEN,BE,Belgium,13,,,no,,,,087/59.83.07,,,01/02/20,31/03/2020
2990,CENTRE HOSPITALIER BOIS DE L'ABBAYE,CHBA SERAING,50.5808446,5.49388489999999,-1,RUE LAPLACE 40,,4100,SERAING,BE,Belgium,327,,,yes,Hôpital général à caractère universitaire,public,,04/338.70.00,,www.chba.be,01/02/20,31/03/2020
3000,CENTRE HOSPITALIER BOIS DE L'ABBAYE,CHBA WAREMME,50.6915915999999,5.2510484,-1,AVENUE DE LA RESISTANCE 2,,4300,WAREMME,BE,Belgium,100,,,yes,,,,019/33.80.00,,,01/02/20,31/03/2020
3010,CENTRE HOSPITALIER REGIONAL DE VERVIERS,LA TOURELLE,50.5824901,5.85980899999999,-1,RUE DU PARC 29,,4800,VERVIERS,BE,Belgium,376,,,yes,Hôpital général,public,,087/21.21.11,,www.chrverviers.be,01/02/20,31/03/2020
3020,CENTRE HOSPITALIER REGIONAL DE VERVIERS,PELTZER,50.5834532999999,5.85513139999999,-1,RUE DE LIEGE 107,,4800,VERVIERS,BE,Belgium,60,,,no,,,,087/21.21.11,,,01/02/20,31/03/2020
3040,ZIEKENHUIS OOST - LIMBURG,ST.-BARBARA,50.9095864999999,5.6280657,-1,BESSEMERSTRAAT 478,,3620,LANAKEN,BE,Belgium,141,,,no,,,,089/32.50.50,,,01/02/20,31/03/2020
3060,CENTRE HOSPITALIER EPICURA,BAUDOUR,50.4703388999999,3.8412474,-1,RUE LOUIS CATY 136,,7331,BAUDOUR,BE,Belgium,237,,,yes,Hôpital général,private,,065/76.81.11,,www.epicura.be,01/02/20,31/03/2020
3070,CENTRE HOSPITALIER EPICURA,BELOEIL,50.54981,3.73556179999999,-1,RUE D'ATH 19,,7970,BELOEIL,BE,Belgium,0,,,no,,,,069/68.27.11,,,01/02/20,31/03/2020
3090,CENTRE HOSPITALIER DE WALLONIE PICARDE - Chwapi,IMC,50.5931774999999,3.4021265,-1,CHAUSSEE ST.-AMAND 80,,7500,TOURNAI,BE,Belgium,151,,,no,,,,069/33.11.11,,,01/02/20,31/03/2020
3100,GRAND HOPITAL DE CHARLEROI,NOTRE DAME,50.4179332,4.4535858,-1,GRAND'RUE 3,,6000,CHARLEROI,BE,Belgium,432,,,yes,Hôpital général,private,,071/10.21.11,,www.ghdc.be,01/02/20,31/03/2020
3130,CENTRE HOSPITALIER UNIVERSITAIRE DE CHARLEROI,HOPITAL CIVIL MARIE CURIE,50.4311638,4.44067519999999,-1,CHAUSSE DE BRUXELLES 140,,6042,LODELINSART,BE,Belgium,539,,,yes,Hôpital général à caractère universitaire,public,,071/92.12.11,,www.chu-charleroi.be,01/02/20,31/03/2020
3140,CENTRE HOSPITALIER UNIVERSITAIRE DE CHARLEROI,VINCENT VAN GOGH -MARCHIENNE,50.4061106,4.3992417,-1,RUE DE L'HOPITAL 55,,6030,MARCHIENNE-AU-PONT,BE,Belgium,291,,,no,,,,071/92.14.11,,,01/02/20,31/03/2020
3160,CENTRE DE SANTE DES FAGNES,,50.0457508999999,4.31368589999999,-1,BOULEVARD LOUISE 18,,6460,CHIMAY,BE,Belgium,144,,,yes,Hôpital général,public,,060/21.88.11,,www.csf.be,01/02/20,31/03/2020
3170,GRAND HOPITAL DE CHARLEROI,ST. JOSEPH,50.4079312999999,4.48578769999999,-1,RUE MARGUERITE DEPASSE 6,,6060,GILLY,BE,Belgium,297,,,yes,,,,071/10.70.11,,,01/02/20,31/03/2020
3180,GRAND HOPITAL DE CHARLEROI,I.M.T.R.,50.3587924,4.5217035,-1,RUE DE VILLERS 1,,6280,LOVERVAL,BE,Belgium,174,,,yes,,,,071/10.63.11,,,01/02/20,31/03/2020
3190,GRAND HOPITAL DE CHARLEROI,STE.-THERESE,50.4094173,4.4817019,-1,RUE TRIEU KAISIN 134,,6061,MONTIGNIES-SUR-SAMBRE,BE,Belgium,215,,,no,,,,071/10.90.11,,,01/02/20,31/03/2020
3200,CENTRES HOSPITALIERS JOLIMONT,HOPITAL JOLIMONT,50.4767298,4.21521489999999,-1,RUE FERRER 159,,7100,HAINE-SAINT-PAUL,BE,Belgium,522,,,yes,Hôpital général,private,,064/23.30.11,,www.jolimont.be,01/02/20,31/03/2020
3210,CENTRES HOSPITALIERS JOLIMONT,HOPITAL LOBBES,50.3458970999999,4.2606331,-1,RUE DE LA STATION 25,,6540,LOBBES,BE,Belgium,142,,,yes,,,,071/59.21.11,,,01/02/20,31/03/2020
3220,CENTRE HOSPITALIER UNIVERSITAIRE TIVOLI,,50.4781821,4.20601549999999,-1,AVENUE MAX BUSET 34,,7100,LA LOUVIERE,BE,Belgium,518,,,yes,Hôpital général à caractère universitaire,private,,064/27.61.11,,www.chu-tivoli.be,01/02/20,31/03/2020
3230,VIVALIA - INSTITUT FAMENNE-ARDENNE-CONDROZ,HOPITAL PRINCESSE PAOLA,50.2278194999999,5.3233301,-1,RUE DU VIVIER 21,,6900,MARCHE-EN-FAMENNE,BE,Belgium,175,,,yes,Hôpital général,public,,084/21.91.11,,www.vivalia.info,01/02/20,31/03/2020
3240,VIVALIA - CENTRE HOSPITALIER DE L'ARDENNE,,49.9251646999999,5.38143269999999,-1,AVENUE DE HOUFFALIZE 35,,6800,LIBRAMONT,BE,Belgium,317,,,yes,Hôpital Général,public,,061/23.81.11,,www.vivalia.info,01/02/20,31/03/2020
3260,CHU UCL NAMUR,DINANT,50.2648289,4.9444384,-1,RUE ST.-JACQUES 501,,5500,DINANT,BE,Belgium,211,,,yes,Hôpital général,private,,082/21.24.11,,www.chuuclnamur.be,01/02/20,31/03/2020
3270,CHU UCL NAMUR,STE. ANNE,50.2617884999999,4.9224325,-1,RUE PONT D'AMOUR 50,,5500,DINANT,BE,Belgium,24,,,no,,,,082/22.40.44,,,01/02/20,31/03/2020
3280,CHU UCL NAMUR,GODINNE,50.3583593,4.88435279999999,-1,AVENUE DR. G.THERASSE 1,,5530,MONT-GODINNE,BE,Belgium,386,,,yes,Hôpital général à caractère universitaire,private,,081/42.21.11,,www.chuuclnamur.be,01/02/20,31/03/2020
3290,CHU UCL NAMUR,STE. ELISABETH,50.4607261999999,4.8423796,-1,PLACE LOUISE GODIN 15,,5000,NAMUR,BE,Belgium,305,,,yes,Hôpital général,private,,081/72.04.11,,www.chuuclnamur.be,01/02/20,31/03/2020
3300,CENTRE HOSPITALIER REGIONAL DE NAMUR,CHR NAMUR,50.467548,4.88763939999999,-1,AVENUE ALBERT 1IER 185,,5000,NAMUR,BE,Belgium,397,,,yes,Hôpital général,public,,081/72.61.11,,www.chrn.be,01/02/20,31/03/2020
3310,CHR SAMBRE ET MEUSE,CHR VAL DE SAMBRE AUVELAIS,50.4351629999999,4.6273685,-1,RUE CHERE VOIE 75,,5060,AUVELAIS,BE,Belgium,297,,,yes,Hôpital général,public,,071/26.52.11,,www.chrvs.be,01/02/20,31/03/2020
3330,CHR SAMBRE ET MEUSE,CHR VAL DE SAMBRE - FOSSES-LA-VILLE,50.3995854,4.7014318,-1,RUE STE. BRIGIDE 43,,5070,FOSSES-LA-VILLE,BE,Belgium,6,,,no,,,,071/26.53.74,,,01/02/20,31/03/2020
3340,CLINIQUE ST.-LUC,,50.4772791,4.8806743,-1,RUE SAINT LUC 8,,5004,BOUGE,BE,Belgium,302,,,yes,Hôpital général,private,,081/20.91.11,,www.st-luc-bouge.be,01/02/20,31/03/2020
3350,CLINIQUE NOTRE-DAME DE GRACE,,50.4743856,4.42735499999999,-1,CHAUSSEE DE NIVELLES 212,,6041,GOSSELIES,BE,Belgium,224,,,yes,Hôpital général,private,,071/37.90.00,,www.cndg.be,01/02/20,31/03/2020
3360,ZIEKENHUISNETWERK ANTWERPEN,ZNA JAN PALFIJN,51.2588916,4.4513523,-1,LANGE BREMSTRAAT 70,,2170,MERKSEM,BE,Belgium,352,,,yes,,,,03/640.21.11,,,01/02/20,31/03/2020
3380,CENTRE HOSPITALIER EPICURA,HORNU,50.4357229999999,3.829036,-1,ROUTE DE MONS 63,,7301,HORNU,BE,Belgium,332,,,yes,,,,065/71.31.11,,,01/02/20,31/03/2020
3390,CENTRE HOSPITALIER EPICURA,FRAMERIES,50.4066603,3.8927007,-1,RUE DE FRANCE 2,,7080,FRAMERIES,BE,Belgium,0,,,no,,,,065/61.22.11,,,01/02/20,31/03/2020
3410,CENTRE HOSPITALIER REGIONAL DE LA CITADELLE,CITADELLE,50.6546927,5.5733847,-1,BOULEV. DU 12E DE LIGNE 1,,4000,LIEGE,BE,Belgium,862,,,yes,Hôpital général à caractère universitaire,public,,04/225.61.11,,www.chrcitadelle.be,01/02/20,31/03/2020
3430,CENTRE HOSPITALIER REGIONAL DE LA CITADELLE,CHATEAU ROUGE,50.671941,5.63886799999999,-1,RUE DU GRAND PUITS 47,,4040,HERSTAL,BE,Belgium,35,,,no,,,,04/240.59.05,,,01/02/20,31/03/2020
3440,HOPITAL UNIVERSITAIRE DES ENFANTS REINE FABIOLA (HUDERF),,50.8881221,4.3283495,-1,AVENUE J.J. CROCQ 15,,1020,BRUXELLES--2,BE,Belgium,183,,,yes,Algemeen ziekenhuis - Hôpital général,public,,02/477.33.11,,www.huderf.be,01/02/20,31/03/2020
3450,ALGEMEEN ZIEKENHUIS KLINA V.Z.W.,KLINA,51.298141,4.4901935,-1,AUGUSTIJNSLEI 100,,2930,BRASSCHAAT,BE,Belgium,451,,,yes,Algemeen ziekenhuis,private,,03/650.50.50,,www.klina.be,01/02/20,31/03/2020
3460,ALGEMEEN ZIEKENHUIS ST. BLASIUS,ALGEMEEN ZIEKENHUIS,51.0260217,4.11395489999999,-1,KROONVELDLAAN 50,,9200,DENDERMONDE,BE,Belgium,438,,,yes,Algemeen ziekenhuis,private,,052/25.20.11,,www.azsintblasius.be,01/02/20,31/03/2020
3480,ALGEMEEN ZIEKENHUIS ST. BLASIUS,DAGZIEKENHUIS & POLIKLINIEK,51.0661015999999,4.027075,-1,KOEVLIET 6,,9240,ZELE,BE,Belgium,0,,,no,,,,052/45.64.00,,,01/02/20,31/03/2020
3530,JAN YPERMAN ZIEKENHUIS Vzw,WERVIK,50.7802091999999,3.0438723,-1,STEENAKKER 30,,8940,WERVIK,BE,Belgium,24,,,no,,,,057/35.62.40,,,01/02/20,31/03/2020
3560,ZIEKENHUIS OOST - LIMBURG,ST. JAN,50.9577435,5.5172322,-1,SCHIEPSE BOS 6,,3600,GENK,BE,Belgium,670,,,yes,Algemeen ziekenhuis met universitair karakter,public,,089/32.50.50,,www.zol.be,01/02/20,31/03/2020
3570,JESSAZIEKENHUIS,SALVATOR,50.9110644999999,5.3451905,-1,SALVATORSTRAAT 20,,3500,HASSELT,BE,Belgium,302,,,no,Algemeen ziekenhuis met universitair karakter,private,,011/33.55.11,,www.jessazh.be,01/02/20,31/03/2020
3580,JESSAZIEKENHUIS,ST. URSULA,50.9390566999999,5.16260539999999,-1,DIESTSESTEENWEG 8,,3540,HERK-DE-STAD,BE,Belgium,90,,,no,,,,013/55.17.11,,,01/02/20,31/03/2020
3590,JESSAZIEKENHUIS,VIRGA JESSE,50.9259632,5.3420969,-1,STADSOMVAART 11,,3500,HASSELT,BE,Belgium,589,,,yes,,,,011/33.55.11,,,01/02/20,31/03/2020
3600,ST. FRANCISKUSZIEKENHUIS,,51.0461409,5.3172668,-1,PASTOOR PAQUAYLAAN 129,,3550,HEUSDEN,BE,Belgium,268,,,yes,Algemeen ziekenhuis,private,,011/71.50.00,,www.sfz.be,01/02/20,31/03/2020
3615,MARIAZIEKENHUIS NOORD-LIMBURG,,51.2121817999999,5.4170402,-1,MAESENSVELD 1,,3900,OVERPELT,BE,Belgium,333,,,yes,Algemeen ziekenhuis,private,,011/82.60.00,,www.mznl.be,01/02/20,31/03/2020
3650,ST. TRUDO ZIEKENHUIS,,50.8234022,5.1860706,-1,DIESTERSTEENWEG 100,,3800,SINT-TRUIDEN,BE,Belgium,310,,,yes,Algemeen ziekenhuis,private,,011/69.91.11,,www.sint-trudo.be,01/02/20,31/03/2020
3670,ALGEMEEN ZIEKENHUIS VESALIUS,TONGEREN,50.7891128,5.4836272,-1,HAZELEREIK 51,,3700,TONGEREN,BE,Belgium,326,,,yes,Algemeen ziekenhuis,public,,012/39.61.11,,www.azvesalius.be,01/02/20,31/03/2020
3680,ALGEMEEN ZIEKENHUIS VESALIUS,ST. MARTINUS,50.8713972,5.5129642,-1,HOSPITAALSTRAAT 15,,3740,BILZEN,BE,Belgium,0,,,no,,,,089/41.01.11,,,01/02/20,31/03/2020
3690,VIVALIA - CLINIQUES DU SUD-LUXEMBOURG,CLINIQUE ST. JOSEPH ARLON,49.6780956,5.8206915,-1,RUE DES DEPORTES 137,,6700,ARLON,BE,Belgium,307,,,yes,Hôpital général,public,,063/23.11.11,,www.vivalia.info,01/02/20,31/03/2020
3700,VIVALIA - CLINIQUES DU SUD-LUXEMBOURG,CLINIQUE EDMOND JACQUES VIRTON,49.5531794,5.5248813,-1,RUE DE HARNONCOURT 48,,6762,SAINT-MARD,BE,Belgium,96,,,no,,,,063/58.81.11,,,01/02/20,31/03/2020
3720,VIVALIA - INSTITUT FAMENNE-ARDENNE-CONDROZ,HOPITAL STE. THERESE BASTOGNE,50.0124281,5.7224414,-1,RUE DE HOUFFALIZE 1,,6600,BASTOGNE,BE,Belgium,96,,,yes,,,,061/24.01.11,,,01/02/20,31/03/2020
3730,PSYCHO-SOCIAAL CENTRUM SINT-ALEXIUS,,50.8319138999999,4.363956,-1,GEWIJDE BOOMSTRAAT 102,,1050,BRUSSEL--5,BE,Belgium,44,,,no,Psychiatrisch ziekenhuis - Hôpital psychiatrique,private,,02/512.90.33,,www.psc-elsene.be,01/02/20,31/03/2020
3740,"""LA PETITE MAISON"" A.C.I.S.",,50.6079319,4.646241,-1,RUE DES ACACIAS 10,,1450,CHASTRE,BE,Belgium,63,,,no,Hôpital psychiatrique,private,,010/65.39.50,,,01/02/20,31/03/2020
3750,"""LE BIVOUAC""",,50.803394,4.3429212,-1,SQUARE DES HEROS 5,,1180,BRUXELLES,BE,Belgium,20,,,no,Psychiatrisch ziekenhuis - Hôpital psychiatrique,private,,02/373.95.90,,,01/02/20,31/03/2020
3770,PARHELIE ASBL,,50.7862857,4.36702859999999,-1,AVENUE JACQUES PASTUR 45,,1180,BRUXELLES-18,BE,Belgium,34,,,no,Psychiatrisch ziekenhuis - Hôpital psychiatrique,private,,02/373.82.10,,,01/02/20,31/03/2020
3780,PSYCHIATRISCHE KLINIEK  BROEDERS ALEXIANEN,"MECHELSESTRAAT ",50.882675,4.6986336,-1,MECHELSESTRAAT 84,,3000,LEUVEN,BE,Belgium,52,,,no,Psychiatrisch ziekenhuis,private,,016/23.89.60,,,01/02/20,31/03/2020
3790,"CPI ""LES GOELANDS""",,50.480241,4.7046256,-1,RUE HAUTE 46,,5190,SPY,BE,Belgium,25,,,no,Hôpital psychiatrique,private,,071/78.79.04,,,01/02/20,31/03/2020
3800,PSYCHIATRISCH CENTRUM GENT - SLEIDINGE Vzw,SLEIDINGE,51.125094,3.6675012,-1,WESTSTRAAT 135,,9940,SLEIDINGE,BE,Belgium,195,,,no,,,,09/358.04.11,,,01/02/20,31/03/2020
3810,ISOSL - SANTE MENTALE,PETIT BOURGOGNE,50.6153796,5.5576373,-1,RUE PROFESSEUR MAHAIM 84,,4000,LIEGE (SCLESSIN),BE,Belgium,281,,,no,Hôpital psychiatrique,public,,04/254.77.11,,www.isosl.be,01/02/20,31/03/2020
3820,ISOSL - SANTE MENTALE,AGORA,50.6489428,5.5682009,-1,MONTAGNE STE.WALBURGE 4A,,4000,LIEGE-1,BE,Belgium,115,,,no,,,,04/254.77.11,,,01/02/20,31/03/2020
3840,"""FEUX FOLLETS""",,50.477404,4.51871659999999,-1,PLACE QUINET 27,,6220,WANGENIES,BE,Belgium,20,,,no,Hôpital psychiatrique,private,,071/82.32.70,,,01/02/20,31/03/2020
3850,UNIVERSITAIR ZIEKENHUIS GENT,,51.0257590999999,3.72816579999999,-1,CORNEEL HEYMANSLAAN 10,,9000,GENT,BE,Belgium,1049,,,yes,Universitair ziekenhuis,public,,09/332.21.11,,www.uzgent.be,01/02/20,31/03/2020
3860,CENTRE HOSPITALIER UNIVERSITAIRE DE LIEGE - SART TILMAN,SART-TILMAN,50.5734068999999,5.56756889999999,-1,DOM.UNIV. SART-TILMAN BAT.35,,4000,LIEGE-1 (SART-TILMAN),BE,Belgium,625,,,yes,Hôpital universitaire,public,,04/242.52.00,,www.chuliege.be,01/02/20,31/03/2020
3870,CENTRE HOSPITALIER UNIVERSITAIRE DE LIEGE - SART TILMAN,OURTHE-AMBLEVE,50.5322077,5.5780433,-1,RUE GRANDFOSSE 31-33,,4130,ESNEUX,BE,Belgium,40,,,no,,,,04/242.52.00,,,01/02/20,31/03/2020
3890,PSYCHIATRISCH CENTRUM DR. GUISLAIN,DR. GUISLAIN,51.0692027,3.70231759999999,-1,FRANCISCO FERRERLAAN 88 A,,9000,GENT,BE,Belgium,172,,,no,Psychiatrisch ziekenhuis,private,,09/216.33.11,,www.guislain.be,01/02/20,31/03/2020
3891,PSYCHIATRISCH CENTRUM DR. GUISLAIN,DE DEYNE,51.0188167999999,3.714323,-1,EBERGISTE DE DEYNESTRAAT 2,,9000,GENT,BE,Belgium,20,,,no,,,,09/385.77.62,,,01/02/20,31/03/2020
3900,PSYCHIATRISCH ZIEKENHUIS ARIADNE,,50.9667424,3.9713534,-1,REYMEERSSTRAAT 13,,9340,LEDE,BE,Belgium,185,,,no,Psychiatrisch ziekenhuis,private,,053/76.21.11,,www.pcariadne.be,01/02/20,31/03/2020
3910,KARUS,MELLE,50.9949338,3.77597919999999,-1,CARITASSTRAAT 76,,9090,MELLE,BE,Belgium,258,,,no,Psychiatrisch ziekenhuis,private,,09/210.69.69,,www.karus.be,01/02/20,31/03/2020
3911,KARUS,DE KAAP,50.998289,3.770167,-1,SALISBURYLAAN 106,,9820,MERELBEKE,BE,Belgium,32,,,no,,private,,,,,01/02/20,31/03/2020
3920,KARUS (P.Z. ST. CAMILLUS),SINT- DENIJS-WESTREM,51.026691,3.6753212,-1,BEUKENLAAN 20,,9051,SINT-DENIJS-WESTREM,BE,Belgium,182,,,no,Psychiatrisch ziekenhuis,private,,09/222.58.94,,www.karus.be,01/02/20,31/03/2020
3930,PSYCHIATRISCH CENTRUM ST.HIERONYMUS,,51.1631195999999,4.1333475,-1,DALSTRAAT 84,,9100,SINT-NIKLAAS,BE,Belgium,220,,,no,Psychiatrisch ziekenhuis,private,,03/776.00.41,,www.hieronymus.be,01/02/20,31/03/2020
3940,ALGEMEEN PSYCHIATRISCH ZIEKENHUIS SINT-LUCIA,ST. LUCIA,51.1668139999999,4.147581,-1,ANKERSTRAAT 91,,9100,SINT-NIKLAAS,BE,Belgium,258,,,no,Psychiatrisch ziekenhuis,private,,03/760.07.00,,www.apzst-lucia.be,01/02/20,31/03/2020
3950,P.C. ST.-FRANCISCUS - DE PELGRIM,ST. FRANCISCUS,50.8815101,3.78044319999999,-1,PENITENTENLAAN  7,,9620,ZOTTEGEM,BE,Belgium,43,,,no,Psychiatrisch ziekenhuis,private,,09/364.46.46,,www.pzsfz.be,01/02/20,31/03/2020
3951,P.C. ST.-FRANCISCUS - DE PELGRIM,,50.8808851999999,3.78045779999999,-1,PENITENTENLAAN  22,,9620,ZOTTEGEM,BE,Belgium,120,,,no,,,,09/364.46.46,,,01/02/20,31/03/2020
3960,PSYCHIATRISCH CENTRUM ST.-JAN BAPTIST,ST. JAN BAPTIST,51.1883531,3.8050302,-1,SUIKERKAAI 81,,9060,ZELZATE,BE,Belgium,207,,,no,Psychiatrisch ziekenhuis,private,,09/342.28.28,,www.pcsintjanbaptist.be,01/02/20,31/03/2020
3961,PSYCHIATRISCH CENTRUM ST.-JAN BAPTIST,FORENSISCHE DAGKLINIEK FORD,51.1993815999999,3.81007429999999,-1,OOSTKADE 24,,9060,ZELZATE,BE,Belgium,12,,,no,,,,09/342.28.28,,,01/02/20,31/03/2020
3970,CLINIQUE NEUROPSYCHIATRIQUE DE BONSECOURS,,50.4981181,3.6062388,-1,AVENUE DE LA BASILIQUE 16,,7603,BONSECOURS,BE,Belgium,71,,,no,Hôpital psychiatrique,private,,069/77.20.04,,www.cliniquedebonsecours.be,01/02/20,31/03/2020
3980,HOPITAL PSYCHIATRIQUE ST.-JEAN DE DIEU,,50.5841468,3.61939029999999,-1,AVENUE DE LOUDUN 126,,7900,LEUZE (HT),BE,Belgium,163,,,no,Hôpital psychiatrique,private,,069/67.20.20,,www.acis-group.org,01/02/20,31/03/2020
3990,CENTRE PSYCHIATRIQUE ST.-BERNARD,,50.4986466,4.2219787,-1,RUE JULES EMPAIN 43,,7170,MANAGE,BE,Belgium,291,,,no,Hôpital psychiatrique,private,,064/54.14.09,,www.cp-st-bernard.be,01/02/20,31/03/2020
4000,"CRP ""LES MARRONNIERS""",,50.5967587999999,3.391943,-1,RUE DESPARS 94,,7500,TOURNAI,BE,Belgium,416,,,no,Hôpital psychiatrique,public,,069/88.02.11,,www.marronniers.be,01/02/20,31/03/2020
4010,GRAND HOPITAL DE CHARLEROI,CPJ CHARLES-ALBERT FRERES,50.3661746,4.4329775,-1,RUE DE NALINNES 650,,6001,MARCINELLE,BE,Belgium,36,,,no,Hôpital psychiatrique,private,,071/43.16.89,,www.ghdc.be,01/02/20,31/03/2020
4020,HOPITAL PSYCHIATRIQUE ST.-CHARLES,,50.5468033999999,3.394414,-1,RUE DU CHAUCHOIR 45,,7620,WEZ-VELVAIN,BE,Belgium,44,,,no,Hôpital psychiatrique,private,,069/89.12.80,,www.acis-group.org,01/02/20,31/03/2020
4030,C.H. PSYCHIATRIQUE CHENE AUX HAIES,,50.4624854,3.9818092,-1,CHEMIN DU CHENE AU HAIES 24,,7000,MONS,BE,Belgium,389,,,no,Hôpital psychiatrique,public,,065/41.80.00,,www.chpchene.be,01/02/20,31/03/2020
4040,"C.H.S. NOTRE DAME DES ANGES ",,50.6476132999999,5.5432033,-1,RUE E. VANDERVELDE 67,,4000,GLAIN,BE,Belgium,214,,,no,Hôpital psychiatrique,private,,04/224.72.11,,www.cnda.be,01/02/20,31/03/2020
4050,CLINIQUE PSYCHIATRIQUE FRERES ALEXIENS,,50.6735097,5.95560879999999,-1,RUE DU CHÂTEAU DE RUYFF 68,,4841,HENRI-CHAPELLE,BE,Belgium,258,,,no,Hôpital psychiatrique,private,,087/59.32.11,,,01/02/20,31/03/2020
4060,"CENTRE HOSPITALIER SPECIALISE  "" L'ACCUEIL""",,50.2845694999999,5.7883229,-1,RUE DU DOYARD 15,,4990,LIERNEUX,BE,Belgium,413,,,no,Hôpital psychiatrique,public,,080/29.21.11,,www.isosl.be,01/02/20,31/03/2020
4070,"HOPITAL DE JOUR UNIVERSITAIRE ""LA CLE""",,50.6454977,5.59267799999999,-1,BD DE LA CONSTITUTION 153,,4020,LIEGE,BE,Belgium,30,,,no,Hôpital psychiatrique,private,,04/342.65.96,,www.hjulacle.be,01/02/20,31/03/2020
4080,MEDISCH CENTRUM ST.-JOZEF,,50.8896738,5.5248488,-1,ABDIJSTRAAT 2,,3740,MUNSTERBILZEN,BE,Belgium,330,,,no,Psychiatrisch ziekenhuis,private,,089/50.91.11,,www.mc-st-jozef.be,01/02/20,31/03/2020
4090,OPENBAAR PSYCHIATRISCH ZORGCENTRUM REKEM,,50.9315895999999,5.6687227,-1,DAALBROEKSTRAAT 106,,3621,REKEM,BE,Belgium,288,,,no,Psychiatrisch ziekenhuis,public,,089/22.22.22,,www.opzcrekem.be,01/02/20,31/03/2020
4100,"PSYCHIATRISCH ZIEKENHUIS ""ASSTER""",MELVEREN,50.8375487,5.19593879999999,-1,MELVERENCENTRUM 111,,3800,SINT-TRUIDEN,BE,Belgium,241,,,no,Psychiatrisch ziekenhuis,private,,011/69.06.11,,www.asster.be,01/02/20,31/03/2020
4110,"PSYCHIATRISCH ZIEKENHUIS ""ASSTER""",STAD,50.8123193,5.1769774,-1,HALMAALWEG 2,,3800,SINT-TRUIDEN,BE,Belgium,340,,,no,,,,011/78.95.11,,,01/02/20,31/03/2020
4120,CENTRE NEUROPSYCHIATRIQUE SAINT-MARTIN,ST. MARTIN,50.4291818999999,4.8758792,-1,RUE ST.-HUBERT 84,,5100,DAVE,BE,Belgium,275,,,no,Hôpital psychiatrique,private,,081/30.28.86,,www.cp-st-martin.be,01/02/20,31/03/2020
4121,CENTRE NEUROPSYCHIATRIQUE SAINT-MARTIN,HOPITAL DE JOUR MOSAIQUE,50.45279,4.86619119999999,-1,AVENUE DE LA CITADELLE 42,,5100,JAMBES,BE,Belgium,20,,,no,,,,081/31.30.97,,,01/02/20,31/03/2020
4140,HOPITAL PSYCHIATRIQUE DU BEAU VALLON,,50.484252,4.825521,-1,RUE DE BRICGNIOT 205,,5002,SAINT-SERVAIS,BE,Belgium,376,,,no,Hôpital psychiatrique,private,,081/72.11.11,,www.beauvallon.be,01/02/20,31/03/2020
4150,VIVALIA - CENTRE UNIVERSITAIRE PSYCHIATRIQUE,HOPITAL PSYCHIATRIQUE DE BERTRIX,49.8363659,5.2676118,-1,RUE DES ARDOISIERES 100,,6880,BERTRIX,BE,Belgium,199,,,no,Hôpital psychiatrique,public,,061/22.17.11,,www.vivalia.info,01/02/20,31/03/2020
4160,UNIVERSITAIR PSYCHIATRISCH CENTRUM ST.-KAMILLUS,OUDE BAAN,50.8650776,4.73559099999999,-1,OUDE BAAN 293,,3000,LEUVEN,BE,Belgium,50,,,no,Psychiatrisch ziekenhuis,private,,016/23.89.60,,,01/02/20,31/03/2020
4170,CENTRE NEUROLOGIQUE WILLIAM LENNOX,,50.6766228,4.5903921,-1,ALLEE DE CLERLANDE 6,,1340,OTTIGNIES,BE,Belgium,159,,,no,Hôpital psychiatrique,private,,010/43.02.11,,www.cnwl.be,01/02/20,31/03/2020
4180,P.C. ST. FRANCISCUS - DE PELGRIM,DE PELGRIM,50.9423551,3.78797669999999,-1,SPIEGEL 15,,9860,OOSTERZELE,BE,Belgium,60,,,no,,,,09/362.69.11,,,01/02/20,31/03/2020
4190,CLINIQUES UNIVERSITAIRES ST.-LUC,,50.8551499999999,4.44717429999999,-1,AVENUE HIPPOCRATE 10,,1200,BRUXELLES-20,BE,Belgium,973,,,yes,Universitair ziekenhuis - Hôpital universitaire,private,,02/764.11.11,,www.saintluc.be,01/02/20,31/03/2020
4200,UNIVERSITAIR ZIEKENHUIS BRUSSEL,,50.8881638999999,4.308737,-1,LAARBEEKLAAN 101,,1090,BRUSSEL--9,BE,Belgium,721,,,yes,Universitair ziekenhuis - Hôpital universitaire,private,,02/477.41.11,,www.uzbrussel.be,01/02/20,31/03/2020
4210,CLINIQUES UNIVERSITAIRES DE BRUXELLES - HOPITAL ERASME,ERASME,50.8132361,4.2684293,-1,ROUTE DE LENNIK 808,,1070,BRUXELLES--7,BE,Belgium,884,,,yes,Universitair ziekenhuis - Hôpital universitaire,private,,02/555.31.11,,www.hopitalerasme.be,01/02/20,31/03/2020
4220,UNIVERSITAIR ZIEKENHUIS ANTWERPEN,,51.1574816,4.4108984,-1,WILRIJKSTRAAT 10,,2650,EDEGEM,BE,Belgium,573,,,yes,Universitair ziekenhuis,private,,03/821.30.00,,www.uza.be,01/02/20,31/03/2020
4230,UPC KU LEUVEN,GASTHUISBERG,50.8797032999999,4.6714268,-1,HERESTRAAT 49,,3000,LEUVEN,BE,Belgium,115,,,no,,private,,016/33.22.11,,,01/02/20,31/03/2020
4260,UNIVERSITAIRE ZIEKENHUIZEN K.U.L.,STADSCAMPUS,50.880551,4.694835,-1,BRUSSELSESTRAAT 69,,3000,LEUVEN,BE,Belgium,0,,,no,,,,016/34.49.00,,,01/02/20,31/03/2020
4270,UNIVERSITAIRE ZIEKENHUIZEN K.U.L.,PELLENBERG,50.861855,4.79999639999999,-1,WELIGERVELD 1,,3212,PELLENBERG,BE,Belgium,130,,,no,,,,016/33.22.11,,,01/02/20,31/03/2020
5080,KINDERPSYCHIATRISCH CENTRUM,,50.9583505999999,5.5198462,-1,SCHIEPSE BOS 8,,3600,GENK,BE,Belgium,27,,,no,Psychiatrisch Ziekenhuis,private,,089/32.59.59,,www.kpc-genk.be,01/02/20,31/03/2020
5625,L'EQUIPE,CENTRE ADOS,50.8330169,4.306304,-1,RUE DE VEEWEYDE 47,,1070,BRUXELLES--7,BE,Belgium,20,,,no,Psychiatrisch ziekenhuis - Hôpital psychiatrique,private,,02/526.16.40,,www.equipe.be,01/02/20,31/03/2020
6050,ALGEMEEN ZIEKENHUIS KLINA V.Z.W.,CODA HOSPICE,51.3593383,4.5550236,-1,BREDABAAN 743,,2990,WUUSTWEZEL,BE,Belgium,8,,,no,,,,,,,01/02/20,31/03/2020
6120,"ZIEKENHUIS MAAS EN KEMPEN ",,51.1000752,5.7666623,-1,DIESTERSTEENWEG 425,,3680,MAASEIK,BE,Belgium,213,,,yes,Algemeen ziekenhuis,private,,089/50.50.50,,www.zmk.be,01/02/20,31/03/2020
6130,"CRP ""LES MARRONNIERS""",HOPITAL DE JOUR D'ATH,50.6324891,3.7807006,-1,RUE ISIDORE HOTON 5,,7800,ATH,BE,Belgium,20,,,no,,,,,,,01/02/20,31/03/2020
6140,CHIREC,DELTA,50.8160229999999,4.3999304,-1,BOULEVARD DU TRIOMPHE 201,,1160,BRUXELLES-16,BE,Belgium,438,,,yes,Algemeen ziekenhuis - Hôpital général,private,,02/434.81.11,,www.chirec.be,01/02/20,31/03/2020
6150,ISOSL - SANTE MENTALE,LOUIS HILLIER,50.6310557,5.54822369999999,-1,BOULEVARD LOUIS HILLIER 10,,4000,LIEGE-1,BE,Belgium,44,,,no,,,,04/229.27.30,,,01/02/20,31/03/2020
6160,ALGEMEEN ZIEKENHUIS ZENO,KNOKKE-HEIST,51.3275949999999,3.2912258,-1,KALVEKEETDIJK 260,,8300,KNOKKE-HEIST,BE,Belgium,270,,,yes,Algemeen ziekenhuis,private,,050/53.50.00,,www.azzeno.be,01/02/20,31/03/2020
6170,ALGEMEEN ZIEKENHUIS ST.- MAARTEN,,51.0514319,4.47633139999999,-1,LIERSESTEENWEG 435,,2800,MECHELEN,BE,Belgium,643,,,yes,Algemeen ziekenhuis,private,,015/89.10.10,,www.azsintmaarten.be,01/02/20,31/03/2020
6180,CHIREC,CENTRE MEDICAL EDITH CAVELL,50.8139343,4.3578839,-1,RUE GENERAL LOTZ 37,,1180,BRUXELLES-18,BE,Belgium,0,,,no,,,,,,,01/02/20,31/03/2020
6190,CENTRE NEUROPSYCHIATRIQUE SAINT-MARTIN,HOPITAL DE JOUR KIOSQUE,50.2955059999999,5.1044843,-1,RUE DE CONDROZ 52,,5590,CINEY,BE,Belgium,20,,,no,,,,081/30.28.86,,,01/02/20,31/03/2020
VH12,C.H. UNIVERSITAIRE ANDRE VESALE,LEONARD DE VINCI,50.361933,4.364199,-1,RUE DE GOZEE 706,,6110,MONTIGNY-LE-TILLEUL,BE,Belgium,173,,,no,,,,071/92.38.73,,,01/02/20,31/03/2020
