hospital_name,site_name,street,house_number,postcode,city,country,cap_beds,cap_prac,cap_rooms,emergency,facility_type,public_private,list_specs,tel,email,url,ref_date,pub_date,comments,x,y
"Hospital Prof. Doutor Fernando Fonseca, E.P.E.",ARS Lisboa e Vale do Tejo,Rua das Eiras 34,,2725-079,Algueirão-Mem Martins,Portugal,,,,yes,Serviço de Urgência Básica,,Urgência Adultos,214345535,sec.geral@hff.min-saude.pt,,01/12/19,16/04/2020,,2649373,1958739
"Centro Hospitalar de Trás-os-Montes e Alto Douro, E.P.E.",ARS Norte,Avenida Dr. Francisco Sá Carneiro,,5400-279,Chaves,Portugal,,,,yes,Serviço de Urgência Médico-Cirúrgico,,"Imunohemoterapia, Patologia Clínica, Urgência Crianças e Adolescentes, Medicina Interna, Anestesiologia, Ortopedia, Imagiologia - RX convencional, ecografia e TC, Bloco Operatório, Urgência Adultos, Cirurgia Geral, Sala de Observações com Camas - Adultos",276300900,hchaves@hchaves.min-saude.pt,,01/12/19,16/04/2020,,2876425,2239547
"Hospital José Joaquim Fernandes - Beja - ULS Baixo Alentejo, E.P.E.",ARS Alentejo,"Avenida General Humberto Delgado, Apartado 17",,7780-123,Castro Verde,Portugal,,,,yes,Serviço de Urgência Básica,,Urgência Crianças e Adolescentes,286320140,subcvcasns@ulsba.min-saude.pt,,01/12/19,16/04/2020,,2731042,1814260
"Centro Hospitalar Alto Minho - ULS Alto Minho, E.P.E.",ARS Norte,Largo Conde de Bertiandos,,4990-041,Ponte de Lima,Portugal,,,,yes,Serviço de Urgência Básica,,"Urgência Adultos, Urgência Crianças e Adolescentes",258909500,administracaopl@ulsam.min-saude.pt,,01/12/19,16/04/2020,,2787962,2264047
"Centro Hospitalar Universitário de Lisboa Central, E.P.E.",ARS Lisboa e Vale do Tejo,Rua Jacinta Marto,,1169-045,Lisboa,Portugal,,,,yes,Serviço de Urgência Polivalente com Centro de Trauma,,"Cardiologia Pediátrica, Unidade de Cuidados Intensivos - Pediátrica, Bloco Operatório, Patologia Clínica, Pedopsiquiatria, Urgência Crianças e Adolescentes, Pediatria, Imagiologia - RX convencional, ecografia e TC, Cirurgia Pediátrica, Unidade de Cuidados Intensivos - Queimados",213126600,sec.adm.hde@chlc.min-saude.pt,,01/12/19,16/04/2020,,2665669,1947420
"Centro Hospitalar do Nordeste - ULS do Nordeste, E.P.E.",ARS Norte,Rua Dr. Urze Pires,,5340-263,Macedo de Cavaleiros,Portugal,,,,yes,Serviço de Urgência Básica,,"Urgência Adultos, Urgência Crianças e Adolescentes",278428200,hdmc@hmcavaleiros.min-saude.pt,,01/12/19,16/04/2020,,2913487,2207153
Grupo | Serviços de Urgência Básica | ARSN,ARS Norte,Avenida da República,,3620-371,Moimenta da Beira,Portugal,,,,yes,Serviço de Urgência Básica,,Urgência Crianças e Adolescentes,254520254,sub.moimentabeira@arsnorte.min-saude.pt,,01/12/19,16/04/2020,,2847392,2158402
"Centro Hospitalar de Leiria, E.P.E.",ARS Centro,Rua do Hospital - Apartado 70,,2460-051,Alcobaça,Portugal,,,,yes,Serviço de Urgência Básica,,"Medicina Interna, Urgência Adultos",262590400,hablo@halcobaca.min-saude.pt,,01/12/19,16/04/2020,,2700180,2032574
"Centro Hospitalar Universitário de Lisboa Central, E.P.E.",ARS Lisboa e Vale do Tejo,Rua Viriato,,1069-089,Lisboa,Portugal,,,,yes,Serviço de Urgência Polivalente,,"Sala de Observações com Camas - Ginecologia e Obstetrícia, Obstetrícia, Bloco Operatório, Imagiologia - RX convencional, ecografia e TC, Unidade de Cuidados Intensivos - Neonatais",213184000,secretariadoca@mac.min-saude.pt,,01/12/19,16/04/2020,,2665084,1948062
"Centro Hospitalar de Setúbal, E.P.E.",ARS Lisboa e Vale do Tejo,Rua Camilo Castelo Branco - Apartado 140,,2910-446,Setùbal,Portugal,,,,yes,Serviço de Urgência Médico-Cirúrgico,,"Sala de Observações com Camas - Adultos, Urgência Adultos, Unidade de Cuidados Intensivos - Coronários, Medicina Interna, Anestesiologia, Bloco Operatório, Patologia Clínica, Obstetrícia, Urgência Crianças e Adolescentes, Ortopedia, Sala de Observações com Camas - Pediátrico, Imagiologia - RX convencional, ecografia e TC, Pediatria, Imunohemoterapia, Unidade de Cuidados Intensivos - Adultos",265549000,geral@chs.min-saude.pt,,01/12/19,16/04/2020,,2682597,1920336
"Centro Hospitalar e Universitário de Coimbra, E.P.E.",ARS Centro,Avenida Bissaya Barreto - Praceta Prof. Mota Pinto,,3000-075,Coimbra,Portugal,,,,yes,Serviço de Urgência Polivalente com Centro de Trauma,,"Imunohemoterapia, Imagiologia - RX convencional, ecografia e TC, Patologia Clínica, Cardiologia de Intervenção, Unidade de Cuidados Intensivos - Queimados, Cirurgia Plástica e Reconstrutiva, Cirurgia Vascular, Unidade de Cuidados Intensivos - Adultos, Cirurgia Maxilofacial, Toxicologia, Bloco Operatório, Unidade de Cuidados Intensivos - Coronários, Medicina Interna, Ortopedia, Cardiologia, Sala de Observações com Camas - Adultos, Cirurgia Cardiotorácica, Pneumologia (com endoscopia), Gastroenterologia (com endoscopia), Cirurgia Geral, Radiologia de Intervenção, Neurocirurgia, Angiografia Digital e RMN, Anestesiologia",239400400,casec@chuc.min-saude.pt,,01/12/19,16/04/2020,,2763243,2093158
"Centro Hospitalar do Baixo Vouga, E.P.E.",ARS Centro,Avenida Artur Ravara,,3814-501,Aveiro,Portugal,,,,yes,Serviço de Urgência Médico-Cirúrgico,,"Sala de Observações com Camas - Adultos, Obstetrícia, Bloco Operatório, Anestesiologia, Pediatria, Ortopedia, Imagiologia - RX convencional, ecografia e TC, Unidade de Cuidados Intensivos - Adultos, Urgência Crianças e Adolescentes, Medicina Interna, Cirurgia Geral, Sala de Observações com Camas - Pediátrico, Imunohemoterapia, Patologia Clínica",234378300,sec-adm@chbv.min-saude.pt,,01/12/19,16/04/2020,,2753422,2142941
Hospital Beatriz Ângelo,ARS Lisboa e Vale do Tejo,"Avenida Carlos Teixeira, 3",,2674-514,Loures,Portugal,,,,yes,Serviço de Urgência Médico-Cirúrgico,,"Obstetrícia, Unidade de Cuidados Intensivos - Neonatais, Anestesiologia, Urgência Crianças e Adolescentes, Pediatria, Patologia Clínica, Cirurgia Geral, Ortopedia, Imagiologia - RX convencional, ecografia e TC, Sala de Observações com Camas - Adultos, Unidade de Cuidados Intensivos - Adultos, Urgência Adultos, Medicina Interna, Sala de Observações com Camas - Pediátrico, Bloco Operatório",219847200,geral@hbeatrizangelo.pt,,01/12/19,16/04/2020,,2664878,1958304
"Hospital Garcia de Orta, E.P.E.",ARS Lisboa e Vale do Tejo,"Avenida Torrado da Silva, Pragal",,2805-267,Almada,Portugal,,,,yes,Serviço de Urgência Polivalente,,"Ortopedia, Unidade de Cuidados Intensivos - Pediátrica, Neurocirurgia, Anestesiologia, Unidade de Cuidados Intensivos - Coronários, Pediatria, Sala de Observações com Camas - Pediátrico, Unidade de Cuidados Intensivos - Adultos, Toxicologia, Patologia Clínica, Cardiologia de Intervenção, Obstetrícia, Gastroenterologia (com endoscopia), Imunohemoterapia, Unidade de Cuidados Intensivos - Neonatais, Pneumologia (com endoscopia), Angiografia Digital e RMN, Imagiologia - RX convencional, ecografia e TC, Urgência Adultos, Urgência Crianças e Adolescentes, Cirurgia Geral, Sala de Observações com Camas - Adultos, Cardiologia, Bloco Operatório",212940294,geral@hgo.min-saude.pt,,01/12/19,16/04/2020,,2661214,1942332
Hospital São José - Fafe,ARS Norte,Praça José Florêncio Soares - Apartado 120,,4820-148,Fafe,Portugal,,,,yes,Serviço de Urgência Básica,,Urgência Crianças e Adolescentes,253700300,geral.hsj@scmfafe.pt,,01/12/19,16/04/2020,,2813249,2221336
"Hospitais da ULS do Norte Alentejano, E.P.E.",ARS Alentejo,Avenida de Santo António,,7300-853,Portalegre,Portugal,,,,yes,Serviço de Urgência Médico-Cirúrgico,,"Urgência Crianças e Adolescentes, Bloco Operatório, Patologia Clínica, Pediatria, Imagiologia - RX convencional, ecografia e TC, Sala de Observações com Camas - Adultos, Obstetrícia, Urgência Adultos, Medicina Interna, Ortopedia, Cirurgia Geral, Sala de Observações com Camas - Pediátrico, Anestesiologia, Unidade de Cuidados Intensivos - Adultos, Sala de Observações com Camas - Ginecologia e Obstetrícia",245301000,admin@ulsna.min-saude.pt,,01/12/19,16/04/2020,,2823730,1973636
"Centro Hospitalar Médio Tejo, E.P.E.",ARS Lisboa e Vale do Tejo,"Avenida Xanana Gusmão, apartado 45",,2350-754,Torres Novas,Portugal,,,,yes,Serviço de Urgência Básica,,Urgência Crianças e Adolescentes,249810100,geral@chmt.min-saude.pt,,01/12/19,16/04/2020,,2734495,2014417
"Hospital Distrital da Figueira da Foz, E.P.E.",ARS Centro,Gala. São Pedro.,,3094-001,Figueira da Foz,Portugal,,,,yes,Serviço de Urgência Médico-Cirúrgico,,"Urgência Crianças e Adolescentes, Urgência Adultos, Pediatria, Cirurgia Geral, Sala de Observações com Camas - Adultos, Sala de Observações com Camas - Pediátrico, Anestesiologia, Imunohemoterapia, Bloco Operatório, Medicina Interna, Ortopedia, Patologia Clínica",233402000,hdff@hdfigueira.min-saude.pt,,01/12/19,16/04/2020,,2723994,2092895
"Centro Hospitalar de Leiria, E.P.E.",ARS Centro,Avenida Heróis do Ultramar - Apartado 40,,3100-462,Pombal,Portugal,,,,yes,Serviço de Urgência Básica,,"Medicina Interna, Urgência Crianças e Adolescentes",236210000,hdp@hdpombal.min-saude.pt,,01/12/19,16/04/2020,,2738184,2064794
Grupo | Serviços de Urgência Básica | ARSC,ARS Centro,Largo do Hospital,,3660-439,São Pedro do Sul,Portugal,,,,yes,Serviço de Urgência Básica,,"Urgência Crianças e Adolescentes, Urgência Adultos",232720180,sub.spsul@arscentro.min-saude.pt,,01/12/19,16/04/2020,,2805264,2144579
"Centro Hospitalar de Leiria, E.P.E.",ARS Centro,Rua das Olhalvas. Pousos,,2410-197,Leiria,Portugal,,,,yes,Serviço de Urgência Médico-Cirúrgico,,"Cardiologia, Unidade de Cuidados Intensivos - Coronários, Medicina Interna, Cirurgia Geral, Bloco Operatório, Sala de Observações com Camas - Adultos, Urgência Crianças e Adolescentes, Anestesiologia, Obstetrícia, Unidade de Cuidados Intensivos - Adultos, Urgência Adultos, Pediatria, Ortopedia, Sala de Observações com Camas - Pediátrico, Imunohemoterapia, Patologia Clínica, Neurologia, Oftalmologia, Psiquiatria, Via Verde AVC",244817000,secca@hsaleiria.min-saude.pt,,01/12/19,16/04/2020,,2719754,2049441
"Centro Hospitalar Universitário do Algarve, E.P.E.",ARS Algarve,Urbanização dos Caliços,,8200-200,Albufeira,Portugal,,,,yes,Serviço de Urgência Básica,,Urgência Adultos,289598400,administracao@chalgarve.min-saude.pt,,01/12/19,16/04/2020,,2702123,1752382
"Centro Hospitalar do Nordeste - ULS do Nordeste, E.P.E.",ARS Norte,Avenida Abade Baçal,,5301-852,Bragança,Portugal,,,,yes,Serviço de Urgência Médico-Cirúrgico,,"Urgência Crianças e Adolescentes, Ortopedia, Sala de Observações com Camas - Pediátrico, Imunohemoterapia, Medicina Interna, Pediatria, Bloco Operatório, Sala de Observações com Camas - Adultos, Obstetrícia, Cirurgia Geral, Patologia Clínica, Unidade de Cuidados Intensivos - Adultos, Anestesiologia, Imagiologia - RX convencional, ecografia e TC",273310800,secretariado.sede@ulsne.min-saude.pt,,01/12/19,16/04/2020,,2935209,2232635
"Centro Hospitalar do Médio Ave, E.P.E.",ARS Norte,Rua de Cupertino de Miranda,,4764-958,Vila Nova de Famalicão,Portugal,,,,yes,Serviço de Urgência Médico-Cirúrgico,,"Pediatria, Cirurgia Geral, Imunohemoterapia, Obstetrícia, Bloco Operatório, Patologia Clínica, Urgência Adultos, Imagiologia - RX convencional, ecografia e TC, Medicina Interna, Ortopedia, Sala de Observações com Camas - Pediátrico, Anestesiologia, Sala de Observações com Camas - Adultos",252300800,administracao@chma.min-saude.pt,,01/12/19,16/04/2020,,2783764,2224392
Grupo | Serviços de Urgência Básica | ARSC,ARS Centro,"Rua Condessa das Canas, 18",,3300-036,Arganil,Portugal,,,,yes,Serviço de Urgência Básica,,"Sala de Observações com Camas - Adultos, Urgência Crianças e Adolescentes",235200100,sub.arganil@arscentro.min-saude.pt,,01/12/19,16/04/2020,,2792752,2085459
"Hospital do Litoral Alentejano - Santiago do Cacém - ULS Litoral Alentejano, E.P.E.",ARS Alentejo,"Quinta do Gilbardinho, EN 261",,7540-230,Santiago do Cacém,Portugal,,,,yes,Serviço de Urgência Médico-Cirúrgico,,"Urgência Adultos, Medicina Interna, Ortopedia, Imagiologia - RX convencional, ecografia e TC, Sala de Observações com Camas - Adultos, Urgência Crianças e Adolescentes, Cirurgia Geral, Patologia Clínica, Imunohemoterapia, Bloco Operatório, Unidade de Cuidados Intensivos - Adultos, Pediatria, Sala de Observações com Camas - Pediátrico",269818100,ulsla.geral@ulsla.min-saude.pt,,01/12/19,16/04/2020,,2683401,1864279
"Hospitais da ULS do Norte Alentejano, E.P.E.",ARS Alentejo,Passeio Garibaldino de Andrade n.º 1,,7400-294,Ponte de Sor,Portugal,,,,yes,Serviço de Urgência Básica,,Urgência Crianças e Adolescentes,242292000,geral.cs.pontedesor@ulsna.min-saude.pt,,01/12/19,16/04/2020,,2749956,1975336
Hospital Vila Franca de Xira,ARS Lisboa e Vale do Tejo,"Estrada Carlos Lima Costa, Nº 2, Povos",,2600-009,Vila Franca de Xira,Portugal,,,,yes,Serviço de Urgência Médico-Cirúrgico,,"Medicina Interna, Cirurgia Geral, Imagiologia - RX convencional, ecografia e TC, Imunohemoterapia, Patologia Clínica, Unidade de Cuidados Intensivos - Adultos, Urgência Crianças e Adolescentes, Pediatria, Ortopedia, Sala de Observações com Camas - Pediátrico, Anestesiologia, Bloco Operatório, Sala de Observações com Camas - Adultos, Obstetrícia",263006500,hvfxira@hvfx.pt,,01/12/19,16/04/2020,,2684871,1970942
"Hospital Amato Lusitano - ULS de Castelo Branco, E.P.E.",ARS Centro,Avenida Pedro Álvares Cabral,,6000-084,Castelo Branco,Portugal,,,,yes,Serviço de Urgência Médico-Cirúrgico,,"Sala de Observações com Camas - Adultos, Medicina Interna, Pediatria, Sala de Observações com Camas - Pediátrico, Anestesiologia, Imagiologia - RX convencional, ecografia e TC, Obstetrícia, Urgência Adultos, Cirurgia Geral, Ortopedia, Imunohemoterapia, Bloco Operatório, Unidade de Cuidados Intensivos - Adultos, Urgência Crianças e Adolescentes",272000272,geral@ulscb.min-saude.pt,,01/12/19,16/04/2020,,2829613,2031739
"Hospital de Braga, E.P.E.",ARS Norte,"Sete Fontes, São Victor",,4710-243,Braga,Portugal,,,,yes,Serviço de Urgência Polivalente,,"Medicina Interna, Ortopedia, Sala de Observações com Camas - Adultos, Imunohemoterapia, Patologia Clínica, Unidade de Cuidados Intensivos - Coronários, Urgência Adultos, Cirurgia Geral, Unidade de Cuidados Intensivos - Pediátrica, Cardiologia, Gastroenterologia (com endoscopia), Neurocirurgia, Angiografia Digital e RMN, Anestesiologia, Bloco Operatório, Cardiologia de Intervenção, Obstetrícia, Unidade de Cuidados Intensivos - Neonatais, Pediatria, Sala de Observações com Camas - Pediátrico, Pneumologia (com endoscopia), Unidade de Cuidados Intensivos - Adultos, Toxicologia, Imagiologia - RX convencional, ecografia e TC",253027000,hbraga@hb.min-saude.pt,,01/12/19,16/04/2020,,2797522,2238780
"Hospital da Senhora da Oliveira - Guimarães, E.P.E.",ARS Norte,"Rua dos Cutileiros, Creixomil",,4835-044,Guimarães,Portugal,,,,yes,Serviço de Urgência Médico-Cirúrgico,,"Urgência Crianças e Adolescentes, Anestesiologia, Cardiologia, Unidade de Cuidados Intensivos - Coronários, Medicina Interna, Ortopedia, Patologia Clínica, Obstetrícia, Unidade de Cuidados Intensivos - Neonatais, Oftalmologia, Unidade de Cuidados Intensivos - Adultos, Imunohemoterapia, Bloco Operatório, Sala de Observações com Camas - Pediátrico, Imagiologia - RX convencional, ecografia e TC, Cirurgia Vascular, Otorrinolaringologia, Pediatria, Cirurgia Geral, Sala de Observações com Camas - Adultos, Gastroenterologia (com endoscopia)",253540330,geral@hospitaldeguimaraes.min-saude.pt,,01/12/19,16/04/2020,,2802001,2223243
"Centro Hospitalar Universitário do Algarve, E.P.E.",ARS Algarve,Rua Castelo dos Governadores,,8600-563,Lagos,Portugal,,,,yes,Serviço de Urgência Básica,,Urgência Crianças e Adolescentes,282770700,administracao@hlagos.min-saude.pt,,01/12/19,16/04/2020,,2666156,1761454
Hospital Central do Funchal,IASAÚDE Madeira,"Avenida Luís de Camões, 57",,9004-514,Funchal,Portugal,,,,yes,Serviço de Urgência Polivalente,,"Unidade de Cuidados Intensivos - Pediátrica, Toxicologia, Medicina Interna, Gastroenterologia (com endoscopia), Imunohemoterapia, Ortopedia, Unidade de Cuidados Intensivos - Adultos, Neurocirurgia, Angiografia Digital e RMN, Anestesiologia, Bloco Operatório, Urgência Adultos, Urgência Crianças e Adolescentes, Cirurgia Geral, Sala de Observações com Camas - Pediátrico, Cardiologia, Pneumologia (com endoscopia), Imagiologia - RX convencional, ecografia e TC, Patologia Clínica, Cardiologia de Intervenção, Obstetrícia, Sala de Observações com Camas - Adultos",291705600,geral@srs.pt,,01/12/19,16/04/2020,,1816069,1509777
"Centro Hospitalar de Trás-os-Montes e Alto Douro, E.P.E.",ARS Norte,Quinta Calvilhe,,5100-038,Lamego,Portugal,,,,yes,Serviço de Urgência Básica,,"Urgência Adultos, Sala de Observações com Camas - Adultos",254609980,critianacb@chtmad.min-saude.pt,,01/12/19,16/04/2020,,2834798,2174268
"Hospital Espírito Santo - Évora, E.P.E.",ARS Alentejo,Largo Senhor da Pobreza,,7000-811,Évora,Portugal,,,,yes,Serviço de Urgência Polivalente,,"Unidade de Cuidados Intensivos - Neonatais, Obstetrícia, Cardiologia, Unidade de Cuidados Intensivos - Adultos, Imagiologia - RX convencional, ecografia e TC, Psiquiatria, Estomatologia, Otorrinolaringologia, Urgência Crianças e Adolescentes, Sala de Observações com Camas - Pediátrico, Cardiologia de Intervenção, Urologia, Urgência Adultos, Pediatria, Ortopedia, Sala de Observações com Camas - Adultos, Gastroenterologia (com endoscopia), Anestesiologia, Patologia Clínica, Unidade de Cuidados Intensivos - Coronários, Medicina Interna, Imunohemoterapia, Bloco Operatório, Oftalmologia, Nefrologia (diálise em situações agudas)",266740100,sec.ca@hevora.min-saude.pt,,01/12/19,16/04/2020,,2766563,1904053
"Centro Hospitalar do Baixo Vouga, E.P.E.",ARS Centro,Rua da Misericórdia,,3750-130,Águeda,Portugal,,,,yes,Serviço de Urgência Básica,,"Urgência Crianças e Adolescentes, Sala de Observações com Camas - Adultos",234611000,sec-adm@chbv.min-saude.pt,,01/12/19,16/04/2020,,2768910,2132429
"Centro Hospitalar Póvoa de Varzim/Vila do Conde, E.P.E.",ARS Norte,Largo da Misericórdia,,4490-421,Póvoa de Varzim,Portugal,,,,yes,Serviço de Urgência Médico-Cirúrgico,,"Cirurgia Geral, Sala de Observações com Camas - Pediátrico, Ortopedia, Imagiologia - RX convencional, ecografia e TC, Patologia Clínica, Urgência Crianças e Adolescentes, Medicina Interna, Anestesiologia, Imunohemoterapia, Bloco Operatório, Sala de Observações com Camas - Adultos, Urgência Adultos, Obstetrícia",252690600,ca@chpvvc.min-saude.pt; cavc@chpvvc.min-saude.pt,,01/12/19,16/04/2020,,2763750,2226136
"Centro Hospitalar Tondela-Viseu, E.P.E.",ARS Centro,Avenida do Rei D. Duarte,,3504-509,Viseu,Portugal,,,,yes,Serviço de Urgência Polivalente,,"Cirurgia Geral, Pneumologia (com endoscopia), Toxicologia, Patologia Clínica, Unidade de Cuidados Intensivos - Coronários, Ortopedia, Unidade de Cuidados Intensivos - Adultos, Unidade de Cuidados Intensivos - Neonatais, Angiografia Digital e RMN, Anestesiologia, Bloco Operatório, Imagiologia - RX convencional, ecografia e TC, Cardiologia de Intervenção, Obstetrícia, Pediatria, Sala de Observações com Camas - Pediátrico, Unidade de Cuidados Intensivos - Pediátrica, Cardiologia, Urgência Crianças e Adolescentes, Medicina Interna, Sala de Observações com Camas - Adultos, Gastroenterologia (com endoscopia), Neurocirurgia, Imunohemoterapia",232420500,geral@hstviseu.min-saude.pt,,01/12/19,16/04/2020,,2815049,2129618
"Hospital Distrital de Santarém, E.P.E.",ARS Lisboa e Vale do Tejo,Avenida Bernardo Santareno - Apartado 115,,2005-177,Santarém,Portugal,,,,yes,Serviço de Urgência Médico-Cirúrgico,,"Ortopedia, Sala de Observações com Cadeirões - Adultos, Sala de Observações com Cadeirões - Pediátrico, Urgência Crianças e Adolescentes, Imagiologia - RX convencional, ecografia e TC, Medicina Interna, Anestesiologia, Imunohemoterapia, Bloco Operatório, Patologia Clínica, Unidade de Cuidados Intensivos - Adultos, Urgência Adultos, Pediatria, Obstetrícia",243300200,hdsca@hds.min-saude.pt,,01/12/19,16/04/2020,,2715602,1993273
"Centro Hospitalar Universitário de Lisboa Central, E.P.E.",ARS Lisboa e Vale do Tejo,Rua José António Serrano,,1150-199,Lisboa,Portugal,,,,yes,Serviço de Urgência Polivalente com Centro de Trauma,,"Sala de Observações com Camas - Adultos, Pneumologia (com endoscopia), Cirurgia Maxilofacial, Neurocirurgia, Angiografia Digital e RMN, Anestesiologia, Cardiologia de Intervenção, Ortopedia, Cardiologia, Radiologia de Intervenção, Gastroenterologia (com endoscopia), Unidade de Cuidados Intensivos - Adultos, Imunohemoterapia, Urgência Adultos, Cirurgia Geral, Cirurgia Vascular, Toxicologia, Bloco Operatório, Patologia Clínica, Unidade de Cuidados Intensivos - Queimados, Cirurgia Cardiotorácica, Cirurgia Plástica e Reconstrutiva, Imagiologia - RX convencional, ecografia e TC, Unidade de Cuidados Intensivos - Coronários",218841000,sec.ca@chlc.min-saude.pt,,01/12/19,16/04/2020,,2665617,1946121
"Hospitais da ULS da Guarda, E.P.E.",ARS Centro,Rua Alexandrina Soares Albergaria,,6270-498,Seia,Portugal,,,,yes,Serviço de Urgência Básica,,Urgência Crianças e Adolescentes,238320700,sub.hnsa@ulsguarda.min-saude.pt,,01/12/19,16/04/2020,,2827329,2100476
"Centro Hospitalar Barreiro Montijo, E.P.E.",ARS Lisboa e Vale do Tejo,"Rua Machado dos Santos, 54",,2870-351,Montijo,Portugal,,,,yes,Serviço de Urgência Básica,,Urgência Crianças e Adolescentes,212309100,admin@chbm.min-saude.pt,,01/12/19,16/04/2020,,2679277,1941545
"Centro Hospitalar de Lisboa Ocidental, E.P.E.",ARS Lisboa e Vale do Tejo,"Rua da Junqueira, 126",,1349-019,Lisboa,Portugal,,,,yes,Serviço de Urgência Polivalente,,Otorrinolaringologia,210431000,hem@chlo.min-saude.pt,,01/12/19,16/04/2020,,2660830,1945278
"Centro Hospitalar Universitário Cova da Beira, E.P.E.",ARS Centro,Quinta do Alvito,,6200-251,Covilhã,Portugal,,,,yes,Serviço de Urgência Médico-Cirúrgico,,"Patologia Clínica, Unidade de Cuidados Intensivos - Adultos, Urgência Crianças e Adolescentes, Anestesiologia, Imunohemoterapia, Imagiologia - RX convencional, ecografia e TC, Ortopedia, Urgência Adultos, Pediatria, Sala de Observações com Camas - Pediátrico, Sala de Observações com Camas - Adultos, Obstetrícia, Cirurgia Geral, Bloco Operatório",275330000,administracao@chcbeira.min-saude.pt,,01/12/19,16/04/2020,,2840521,2079674
"Centro Hospitalar Universitário de São João, E.P.E.",ARS Norte,Alameda Professor Hernâni Monteiro,,4200-319,Porto,Portugal,,,,yes,Serviço de Urgência Polivalente com Centro de Trauma,,"Cardiologia, Pneumologia (com endoscopia), Imagiologia - RX convencional, Oftalmologia, Cirurgia Pediátrica, Unidade de Cuidados Intensivos - Queimados, Gastroenterologia (com endoscopia), Toxicologia, Bloco Operatório, Obstetrícia, Psiquiatria, Urgência Crianças e Adolescentes, Ortopedia, Sala de Observações com Camas - Adultos, Cirurgia Vascular, Angiografia Digital e RMN, Anestesiologia, Imunohemoterapia, Urologia, Unidade de Cuidados Intensivos - Neonatais, Pediatria, Sala de Observações com Camas - Pediátrico, Cirurgia Cardiotorácica, Cirurgia Plástica e Reconstrutiva, Radiologia de Intervenção, Neurocirurgia, Imagiologia - TC, Pedopsiquiatria, Unidade de Cuidados Intensivos - Coronários, Medicina Interna, Cirurgia Geral, Cirurgia Maxilofacial, Unidade de Cuidados Intensivos - Pediátrica, Unidade de Cuidados Intensivos - Adultos, Patologia Clínica, Cardiologia de Intervenção, Imagiologia - Ecografia, Otorrinolaringologia, Centro ECMO",225512100,ca@chsj.min-saude.pt,,01/12/19,16/04/2020,,2771468,2201277
"Centro Hospitalar Alto Minho - ULS Alto Minho, E.P.E.",ARS Norte,Lugar de Barreiras - Mazedo,,4950-404,Monção,Portugal,,,,yes,Serviço de Urgência Básica,,Urgência Crianças e Adolescentes,251653926,csmoncao@csmoncao.min-saude.pt,,01/12/19,16/04/2020,,2803005,2294772
"Hospital José Joaquim Fernandes - Beja - ULS Baixo Alentejo, E.P.E.",ARS Alentejo,Rua dos Açores s/n,,7860-222,Moura,Portugal,,,,yes,Serviço de Urgência Básica,,Urgência Crianças e Adolescentes,285254900,csmoura@ulsba.min-saude.pt,,01/12/19,16/04/2020,,2795151,1848262
"Centro Hospitalar Médio Tejo, E.P.E.",ARS Lisboa e Vale do Tejo,Largo Eng. Bioucas,,2200-202,Abrantes,Portugal,,,,yes,Serviço de Urgência Médico-Cirúrgico,,"Ortopedia, Unidade de Cuidados Intensivos - Coronários, Urgência Crianças e Adolescentes, Medicina Interna, Imunohemoterapia, Anestesiologia, Bloco Operatório, Imagiologia - RX convencional, ecografia e TC, Sala de Observações com Camas - Adultos, Sala de Observações com Camas - Pediátrico, Obstetrícia, Pediatria, Cirurgia Geral, Patologia Clínica, Unidade de Cuidados Intensivos - Adultos",241360700,geral@chmt.min-saude.pt,,01/12/19,16/04/2020,,2762557,2006132
"Hospital do Divino Espírito Santo de Ponta Delgada, EPER",SRS Açores,Avenida D. Manuel I - Matriz,,9500-370,Ponta Delgada,Portugal,,,,yes,Serviço de Urgência Polivalente,,"Ortopedia, Sala de Observações com Camas - Pediátrico, Unidade de Cuidados Intensivos - Pediátrica, Angiografia Digital e RMN, Imunohemoterapia, Cardiologia de Intervenção, Urgência Crianças e Adolescentes, Cirurgia Geral, Gastroenterologia (com endoscopia), Toxicologia, Sala de Observações com Camas - Adultos, Medicina Interna, Pediatria, Cardiologia, Pneumologia (com endoscopia), Neurocirurgia, Anestesiologia, Bloco Operatório, Patologia Clínica, Unidade de Cuidados Intensivos - Adultos, Imagiologia - RX convencional, ecografia e TC, Obstetrícia",296203000,sras-hdes@azores.gov.pt,,01/12/19,16/04/2020,,1282463,2360867
"Centro Hospitalar Médio Tejo, E.P.E.",ARS Lisboa e Vale do Tejo,"Avenida Maria de Lourdes de Mello e Castro, Apartado 118",,2304-909,Tomar,Portugal,,,,yes,Serviço de Urgência Básica,,Urgência Crianças e Adolescentes,249320100,geral@chmt.min-saude.pt,,01/12/19,16/04/2020,,2748932,2026534
Grupo | Serviços de Urgência Básica | ARSN,ARS Norte,Rua Dr. Ângelo Miranda,,4540-140,Arouca,Portugal,,,,yes,Serviço de Urgência Básica,,"Urgência Crianças e Adolescentes, Sala de Observações com Cadeirões - Adultos",256940330,sub.arouca@arsnorte.min-saude.pt,,01/12/19,16/04/2020,,2793546,2166773
"Hospital da Horta, EPER",SRS Açores,Estrada Príncipe Alberto Mónaco,,9900-038,Horta,Portugal,,,,yes,Serviço de Urgência Médico-Cirúrgico,,"Cirurgia Geral, Sala de Observações com Camas - Pediátrico, Bloco Operatório, Urgência Adultos, Medicina Interna, Anestesiologia, Imagiologia - RX convencional, ecografia e TC, Sala de Observações com Camas - Adultos, Pediatria, Ortopedia, Imunohemoterapia, Patologia Clínica",292201000,SRES-HH@azores.gov.pt,,01/12/19,16/04/2020,,1093325,2563610
"Centro Hospitalar Universitário do Porto, E.P.E.",ARS Norte,Largo Professor Abel Salazar,,4099-001,Porto,Portugal,,,,yes,Serviço de Urgência Polivalente com Centro de Trauma,,"Cardiologia, Cardiologia de Intervenção, Cirurgia Geral, Cirurgia Vascular, Cirurgia Maxilofacial, Toxicologia, Anestesiologia, Medicina Interna, Ortopedia, Sala de Observações com Camas - Adultos, Radiologia de Intervenção, Pneumologia (com endoscopia), Neurocirurgia, Imunohemoterapia, Gastroenterologia (com endoscopia), Angiografia Digital e RMN, Patologia Clínica, Unidade de Cuidados Intensivos - Coronários, Unidade de Cuidados Intensivos - Adultos, Bloco Operatório, Imagiologia - RX convencional, ecografia e TC",222077500,ca@chporto.min-saude.pt,,01/12/19,16/04/2020,,2769135,2197743
Grupo | Serviços de Urgência Básica | ARSN,ARS Norte,Rua Capitão Salgueiro Maia,,4690-047,Cinfães,Portugal,,,,yes,Serviço de Urgência Básica,,Urgência Crianças e Adolescentes,255431374,aces.baixotamega@arsnorte.min-saude.pt,,01/12/19,16/04/2020,,2810412,2179083
"Centro Hospitalar Tondela-Viseu, E.P.E.",ARS Centro,Avenida General Humberto Delgado,,3460-525,Tondela,Portugal,,,,yes,Serviço de Urgência Básica,,Urgência Adultos,232819060,ca@hdtondela.min-saude.pt,,01/12/19,16/04/2020,,2798072,2120846
HPP Hospital de Cascais Dr. José de Almeida,ARS Lisboa e Vale do Tejo,Avenida Brigadeiro Victor Novais Gonçalves,,2755-009,Alcabideche,Portugal,,,,yes,Serviço de Urgência Médico-Cirúrgico,,"Pediatria, Unidade de Cuidados Intensivos - Neonatais, Urgência Adultos, Anestesiologia, Imagiologia - RX convencional, ecografia e TC, Patologia Clínica, Cirurgia Geral, Imunohemoterapia, Ortopedia, Bloco Operatório, Unidade de Cuidados Intensivos - Adultos, Urgência Crianças e Adolescentes, Sala de Observações com Camas - Pediátrico, Sala de Observações com Camas - Adultos, Obstetrícia",214653000,geral@hospitaldecascais.pt,,01/12/19,16/04/2020,,2642180,1953730
"Centro Hospitalar Barreiro Montijo, E.P.E.",ARS Lisboa e Vale do Tejo,Avenida Movimento das Forças Armadas,,2834-003,Barreiro,Portugal,,,,yes,Serviço de Urgência Médico-Cirúrgico,,"Medicina Interna, Imunohemoterapia, Patologia Clínica, Obstetrícia, Pediatria, Cirurgia Geral, Ortopedia, Sala de Observações com Camas - Pediátrico, Sala de Observações com Camas - Adultos, Urgência Adultos, Anestesiologia, Bloco Operatório, Imagiologia - RX convencional, ecografia e TC, Unidade de Cuidados Intensivos - Adultos",212147300,admin@chbm.min-saude.pt,,01/12/19,16/04/2020,,2670782,1937799
"Hospital de Santa Maria Maior, E.P.E.",ARS Norte,"Campo da República, Apartado 181",,4754-909,Barcelos,Portugal,,,,yes,Serviço de Urgência Básica,,"Cirurgia Geral, Patologia Clínica, Bloco Operatório, Sala de Observações com Camas - Adultos, Urgência Crianças e Adolescentes, Ortopedia, Sala de Observações com Camas - Pediátrico, Medicina Interna, Pediatria, Anestesiologia",253809200,secadm@hbarcelos.min-saude.pt,,01/12/19,16/04/2020,,2779048,2239459
"Hospitais da ULS da Guarda, E.P.E.",ARS Centro,Largo São Sebastião,,5150-632,Vila Nova de Foz Côa,Portugal,,,,yes,Serviço de Urgência Básica,,Urgência Crianças e Adolescentes,279760040,sub.fozcoa@ulsguarda.min-saude.pt,,01/12/19,16/04/2020,,2888588,2161930
"Centro Hospitalar do Oeste, E.P.E.",ARS Lisboa e Vale do Tejo,Rua Diário de Notícias,,2500-176,Caldas da Rainha,Portugal,,,,yes,Serviço de Urgência Médico-Cirúrgico,,"Bloco Operatório, Pediatria, Cirurgia Geral, Patologia Clínica, Urgência Crianças e Adolescentes, Medicina Interna, Anestesiologia, Obstetrícia, Ortopedia, Sala de Observações com Camas - Pediátrico, Imunohemoterapia, Imagiologia - RX convencional, ecografia e TC, Sala de Observações com Camas - Adultos",262830300,secretariado.ca@choeste.min-saude.pt,,01/12/19,16/04/2020,,2683393,2020207
"Hospital José Joaquim Fernandes - Beja - ULS Baixo Alentejo, E.P.E.",ARS Alentejo,Rua Dr. António Fernando Covas Lima,,7801-849,Beja,Portugal,,,,yes,Serviço de Urgência Médico-Cirúrgico,,"Cirurgia Geral, Imunohemoterapia, Medicina Interna, Anestesiologia, Patologia Clínica, Pediatria, Ortopedia, Imagiologia - RX convencional, ecografia e TC, Bloco Operatório, Sala de Observações com Camas - Adultos, Obstetrícia, Urgência Adultos, Sala de Observações com Camas - Pediátrico, Unidade de Cuidados Intensivos - Adultos",284310200,ca@ulsba.min-saude.pt,,01/12/19,16/04/2020,,2756671,1843389
"Centro Hospitalar Tâmega e Sousa, E.P.E.",ARS Norte,"Rua da Lama, nº 76",,4600-758,Telões-Amarante,Portugal,,,,yes,Serviço de Urgência Básica,,Urgência Crianças e Adolescentes,255410500,geral@chts.min-saude.pt,,01/12/19,16/04/2020,,2816875,2203584
"Hospitais da ULS do Norte Alentejano, E.P.E.",ARS Alentejo,Rua Mariana Martins - Apartado 242,,7350-954,Elvas,Portugal,,,,yes,Serviço de Urgência Básica,,"Urgência Crianças e Adolescentes, Sala de Observações com Camas - Adultos",268637200,admin@ulsna.min-saude.pt,,01/12/19,16/04/2020,,2836413,1922462
"Centro Hospitalar Alto Minho - ULS Alto Minho, E.P.E.",ARS Norte,Estrada de Santa Luzia,,4904-858,Viana do Castelo,Portugal,,,,yes,Serviço de Urgência Médico-Cirúrgico,,"Bloco Operatório, Imagiologia - RX convencional, ecografia e TC, Unidade de Cuidados Intensivos - Neonatais, Obstetrícia, Urologia, Urgência Adultos, Urgência Crianças e Adolescentes, Ortopedia, Anestesiologia, Sala de Observações com Camas - Adultos, Unidade de Cuidados Intensivos - Adultos, Psiquiatria, Cirurgia Geral, Patologia Clínica, Neurologia, Medicina Interna, Imunohemoterapia, Oftalmologia, Estomatologia, Otorrinolaringologia",258802100,administracao@ulsam.min-saude.pt,,01/12/19,16/04/2020,,2765758,2261657
"Centro Hospitalar Universitário do Porto, E.P.E.",ARS Norte,Largo da Maternidade,,4050-371,Porto,Portugal,,,,yes,Serviço de Urgência Polivalente com Centro de Trauma,,"Obstetrícia, Pediatria, Sala de Observações com Camas - Pediátrico, Unidade de Cuidados Intensivos - Pediátrica, Bloco Operatório, Unidade de Cuidados Intensivos - Neonatais",226087400,seccg.dmn@chporto.min-saude.pt,,01/12/19,16/04/2020,,2768877,2198354
"Hospital do Litoral Alentejano - Santiago do Cacém - ULS Litoral Alentejano, E.P.E.",ARS Alentejo,Vale Pêgas de Baixo,,7630-236,Odemira,Portugal,,,,yes,Serviço de Urgência Básica,,Urgência Adultos,283320130,ucspodemira@alentejolitoral.min-saude.pt,,01/12/19,16/04/2020,,2680309,1815042
"Centro Hospitalar Universitário do Algarve, E.P.E.",ARS Algarve,Avenida Engenheiro Laginha Serafim,,8100-740,Loulé,Portugal,,,,yes,Serviço de Urgência Básica,,Urgência Crianças e Adolescentes,289401000,pasuloule@chalgarve.min-saude.pt,,01/12/19,16/04/2020,,2724248,1752410
"Hospital Pedro Hispano - ULS Matosinhos, E.P.E.",ARS Norte,Rua Dr. Eduardo Torres,,4464-513,Senhora da Hora,Portugal,,,,yes,Serviço de Urgência Médico-Cirúrgico,,"Imagiologia - RX convencional, ecografia e TC, Sala de Observações com Camas - Adultos, Urgência Adultos, Medicina Interna, Cirurgia Geral, Obstetrícia, Unidade de Cuidados Intensivos - Neonatais, Imunohemoterapia, Bloco Operatório, Urgência Crianças e Adolescentes, Anestesiologia, Unidade de Cuidados Intensivos - Adultos, Pediatria, Patologia Clínica",229391000,ca@ulsm.min-saude.pt,,01/12/19,16/04/2020,,2766433,2202388
"Hospital do Litoral Alentejano - Santiago do Cacém - ULS Litoral Alentejano, E.P.E.",ARS Alentejo,"Avenida José Saramago, 14",,7580-206,Alcácer do Sal,Portugal,,,,yes,Serviço de Urgência Básica,,Urgência Crianças e Adolescentes,269818101,csalcacer@alentejolitoral.min-saude.pt,,01/12/19,16/04/2020,,2710388,1895879
"Centro Hospitalar e Universitário de Coimbra, E.P.E.",ARS Centro,Quinta dos Vales,,3046-853,Coimbra,Portugal,,,,yes,Serviço de Urgência Médico-Cirúrgico,,"Medicina Interna, Imagiologia - RX convencional, ecografia e TC, Patologia Clínica, Cirurgia Geral, Ortopedia, Anestesiologia, Bloco Operatório, Imunohemoterapia, Sala de Observações com Camas - Adultos",239800100,correio@chc.min-saude.pt,,01/12/19,16/04/2020,,2758719,2091535
"Centro Hospitalar do Oeste, E.P.E.",ARS Lisboa e Vale do Tejo,Rua Dr. Aurélio Ricardo Belo,,2560-324,Torres Vedras,Portugal,,,,yes,Serviço de Urgência Médico-Cirúrgico,,"Urgência Crianças e Adolescentes, Cirurgia Geral, Medicina Interna, Pediatria, Imagiologia - RX convencional, ecografia e TC, Anestesiologia, Imunohemoterapia, Bloco Operatório, Patologia Clínica, Ortopedia, Sala de Observações com Camas - Pediátrico, Sala de Observações com Camas - Adultos, Pneumologia",261319300,secretariado.ca@choeste.min-saude.pt,,01/12/19,16/04/2020,,2664707,1988652
"Centro Hospitalar e Universitário de Coimbra, E.P.E.",ARS Centro,Rua Miguel Torga,,3030-165,Coimbra,Portugal,,,,yes,Serviço de Urgência Polivalente,,"Bloco Operatório, Unidade de Cuidados Intensivos - Neonatais, Patologia Clínica, Obstetrícia",239403060,paisebebes@huc.min-saude.pt,,01/12/19,16/04/2020,,2762988,2091821
"Centro Hospitalar de Trás-os-Montes e Alto Douro, E.P.E.",ARS Norte,"Avenida da Noruega, Lordelo",,5000-508,Vila Real,Portugal,,,,yes,Serviço de Urgência Polivalente com Centro de Trauma,,"Angiografia Digital e RMN, Bloco Operatório, Obstetrícia, Sala de Observações com Camas - Adultos, Toxicologia, Imagiologia - RX convencional, ecografia e TC, Urgência Adultos, Urgência Crianças e Adolescentes, Cirurgia Geral, Sala de Observações com Camas - Pediátrico, Radiologia de Intervenção, Unidade de Cuidados Intensivos - Adultos, Unidade de Cuidados Intensivos - Coronários, Medicina Interna, Ortopedia, Cardiologia, Pneumologia (com endoscopia), Gastroenterologia (com endoscopia), Anestesiologia, Imunohemoterapia, Patologia Clínica, Pediatria, Cardiologia de Intervenção",259300500,geral@chtmad.min-saude.pt,,01/12/19,16/04/2020,,2843116,2198102
"Hospital Prof. Doutor Fernando Fonseca, E.P.E.",ARS Lisboa e Vale do Tejo,IC 19 - Venteira,,2720-276,Amadora,Portugal,,,,yes,Serviço de Urgência Médico-Cirúrgico,,"Cirurgia Geral, Patologia Clínica, Urgência Crianças e Adolescentes, Sala de Observações com Camas - Adultos, Ortopedia, Sala de Observações com Camas - Pediátrico, Bloco Operatório, Obstetrícia, Urgência Adultos, Pediatria, Imagiologia - RX convencional, ecografia e TC, Otorrinolaringologia, Anestesiologia, Imunohemoterapia, Oftalmologia, Unidade de Cuidados Intensivos - Adultos, Unidade de Cuidados Intensivos - Pediátrica, Unidade de Cuidados Intensivos - Neonatais, Unidade de Cuidados Intensivos - Coronários",214348200,sec.geral@hff.min-saude.pt,,01/12/19,16/04/2020,,2658436,1950096
"Centro Hospitalar e Universitário de Coimbra, E.P.E.",ARS Centro,Rua Augusta,,3000-061,Coimbra,Portugal,,,,yes,Serviço de Urgência Polivalente,,"Obstetrícia, Imagiologia - RX convencional, ecografia e TC, Sala de Observações com Camas - Ginecologia e Obstetrícia, Bloco Operatório",239480400,adm.mbb@chc.min-saude.pt,,01/12/19,16/04/2020,,2762835,2092420
"Centro Hospitalar e Universitário de Coimbra, E.P.E.",ARS Centro,Avenida Afonso Romão,,3000-602,Coimbra,Portugal,,,,yes,Serviço de Urgência Polivalente,,"Cirurgia Pediátrica, Bloco Operatório, Patologia Clínica, Unidade de Cuidados Intensivos - Pediátrica, Sala de Observações com Camas - Pediátrico, Pediatria, Cardiologia Pediátrica, Imagiologia - RX convencional, ecografia e TC",239488700,correio.hpc@chuc.min-saude.pt,,01/12/19,16/04/2020,,2762832,2093393
"Centro Hospitalar Universitário do Algarve, E.P.E.",ARS Algarve,Sítio do Poço Seco,,8500-338,Portimão,Portugal,,,,yes,Serviço de Urgência Médico-Cirúrgico,,"Imunohemoterapia, Imagiologia - RX convencional, ecografia e TC, Cirurgia Geral, Sala de Observações com Camas - Pediátrico, Sala de Observações com Camas - Adultos, Urgência Adultos, Medicina Interna, Pediatria, Bloco Operatório, Urgência Crianças e Adolescentes, Patologia Clínica, Ortopedia, Obstetrícia",282450300,geral@hbalgarvio.min-saude.pt,,01/12/19,16/04/2020,,2678809,1764679
"Centro Hospitalar de Entre o Douro e Vouga, E.P.E.",ARS Norte,Rua Dr. Cândido de Pinho,,4520-211,Santa Maria da Feira,Portugal,,,,yes,Serviço de Urgência Médico-Cirúrgico,,"Patologia Clínica, Unidade de Cuidados Intensivos - Adultos, Pediatria, Anestesiologia, Imunohemoterapia, Imagiologia - RX convencional, ecografia e TC, Obstetrícia, Urgência Adultos, Medicina Interna, Ortopedia, Unidade de Cuidados Intensivos - Neonatais, Cirurgia Geral, Sala de Observações com Camas - Pediátrico, Bloco Operatório",256379700,hssebastiao@chedv.min-saude.pt,,01/12/19,16/04/2020,,2769735,2172661
"Centro Hospitalar do Médio Ave, E.P.E.",ARS Norte,Largo Domingos Moreira,,4780-371,Santo Tirso,Portugal,,,,yes,Serviço de Urgência Básica,,"Urgência Adultos, Sala de Observações com Camas - Adultos",252830700,administracao@chma.min-saude.pt,,01/12/19,16/04/2020,,2785309,2215960
"Centro Hospitalar Tâmega e Sousa, E.P.E.",ARS Norte,"Avenida do Hospital Padre Américo, 210, Guilhufe",,4564-007,Penafiel,Portugal,,,,yes,Serviço de Urgência Médico-Cirúrgico,,"Ortopedia, Anestesiologia, Urgência Crianças e Adolescentes, Sala de Observações com Camas - Pediátrico, Pediatria, Imunohemoterapia, Unidade de Cuidados Intensivos - Adultos, Medicina Interna, Bloco Operatório, Unidade de Cuidados Intensivos - Neonatais, Unidade de Cuidados Intensivos - Coronários, Cirurgia Geral, Imagiologia - RX convencional, ecografia e TC, Patologia Clínica, Obstetrícia",255714000,administracao@chts.min-saude.pt,,01/12/19,16/04/2020,,2795727,2196678
"Centro Hospitalar Universitário de Lisboa Norte, E.P.E.",ARS Lisboa e Vale do Tejo,Avenida Professor Egas Moniz,,1649-035,Lisboa,Portugal,,,,yes,Serviço de Urgência Polivalente com Centro de Trauma,,"Radiologia de Intervenção, Unidade de Cuidados Intensivos - Adultos, Imunohemoterapia, Obstetrícia, Medicina Interna, Cirurgia Geral, Ortopedia, Cirurgia Vascular, Anestesiologia, Bloco Operatório, Urgência Adultos, Urgência Crianças e Adolescentes, Pediatria, Sala de Observações com Camas - Pediátrico, Neurocirurgia, Angiografia Digital e RMN, Unidade de Cuidados Intensivos - Coronários, Unidade de Cuidados Intensivos - Queimados, Cirurgia Maxilofacial, Pneumologia (com endoscopia), Gastroenterologia (com endoscopia), Patologia Clínica, Cardiologia de Intervenção, Unidade de Cuidados Intensivos - Neonatais, Cardiologia, Sala de Observações com Camas - Adultos, Cirurgia Plástica e Reconstrutiva, Unidade de Cuidados Intensivos - Pediátrica, Toxicologia, Imagiologia - RX convencional, ecografia e TC",217805000,contactcenter@chln.min-saude.pt,,01/12/19,16/04/2020,,2664369,1950072
"Hospital de Santo Espírito da Ilha Terceira, EPER",SRS Açores,Canada do Barreiro,,9700-851,Angra do Heroísmo,Portugal,,,,yes,Serviço de Urgência Médico-Cirúrgico,,"Cirurgia Geral, Imagiologia - RX convencional, ecografia e TC, Sala de Observações com Camas - Adultos, Urgência Crianças e Adolescentes, Anestesiologia, Patologia Clínica, Medicina Interna, Pediatria, Ortopedia, Sala de Observações com Camas - Pediátrico, Imunohemoterapia, Bloco Operatório",292201000,sras-hseah@azores.gov.pt,,01/12/19,16/04/2020,,1206496,2516300
Grupo | Serviços de Urgência Básica | ARSN,ARS Norte,"Rua Lama do Moinho, 400",,5470-225,Montalegre,Portugal,,,,yes,Serviço de Urgência Básica,,"Urgência Adultos, Urgência Crianças e Adolescentes",276510169,sub.montalegre@arsnorte.min-saude.pt,,01/12/19,16/04/2020,,2853776,2254980
"Centro Hospitalar Universitário do Algarve, E.P.E.",ARS Algarve,Avenida Ministro Duarte Pacheco,,8900-211,Vila Real de Santo António,Portugal,,,,yes,Serviço de Urgência Básica,,Urgência Crianças e Adolescentes,281530270,pasuvrsa@chalgarve.min-saude.pt,,01/12/19,16/04/2020,,2776966,1745088
"Centro Hospitalar de Vila Nova de Gaia/Espinho, E.P.E.",ARS Norte,Rua Conceição Fernandes,,4434-502,Vila Nova de Gaia,Portugal,,,,yes,Serviço de Urgência Polivalente com Centro de Trauma,,"Pediatria, Cardiologia, Unidade de Cuidados Intensivos - Adultos, Toxicologia, Bloco Operatório, Urgência Adultos, Ortopedia, Sala de Observações com Camas - Pediátrico, Anestesiologia, Unidade de Cuidados Intensivos - Neonatais, Cirurgia Geral, Unidade de Cuidados Intensivos - Pediátrica, Gastroenterologia (com endoscopia), Obstetrícia, Unidade de Cuidados Intensivos - Coronários, Pneumologia (com endoscopia), Angiografia Digital e RMN, Patologia Clínica, Urgência Crianças e Adolescentes, Sala de Observações com Camas - Adultos, Neurocirurgia, Imunohemoterapia, Imagiologia - RX convencional, ecografia e TC, Cardiologia de Intervenção",227865100,cachvng@chvng.min-saude.pt,,01/12/19,16/04/2020,,2770380,2192604
"Centro Hospitalar de Lisboa Ocidental, E.P.E.",ARS Lisboa e Vale do Tejo,Estrada do Forte do Alto do Duque,,1449-005,Lisboa,Portugal,,,,yes,Serviço de Urgência Polivalente,,"Sala de Observações com Camas - Adultos, Neurocirurgia, Toxicologia, Anestesiologia, Bloco Operatório, Cardiologia de Intervenção, Cirurgia Geral, Unidade de Cuidados Intensivos - Neonatais, Cardiologia, Imunohemoterapia, Imagiologia - RX convencional, ecografia e TC, Patologia Clínica, Urgência Crianças e Adolescentes, Sala de Observações com Camas - Pediátrico, Obstetrícia, Gastroenterologia (com endoscopia), Unidade de Cuidados Intensivos - Adultos, Angiografia Digital e RMN, Urgência Adultos, Medicina Interna, Ortopedia, Pneumologia (com endoscopia)",210431000,chlo@chlo.min-saude.pt,,01/12/19,16/04/2020,,2658603,1946965
"Centro Hospitalar de Entre o Douro e Vouga, E.P.E.",ARS Norte,Largo Rizzo Terra,,3720-275,Oliveira de Azeméis,Portugal,,,,yes,Serviço de Urgência Básica,,Urgência Adultos,256600800,hsm@chedv.min-saude.pt,,01/12/19,16/04/2020,,2773618,2161628
Grupo | Serviços de Urgência Básica | ARSALE,ARS Alentejo,Avenida 9 de Abril,,7100-500,Estremoz,Portugal,,,,yes,Serviço de Urgência Básica,,Urgência Adultos,268337700,sub.estremoz@alentejocentral.min-saude.pt,,01/12/19,16/04/2020,,2800079,1927520
"Centro Hospitalar de Entre o Douro e Vouga, E.P.E.",ARS Norte,Avenida da Misericórdia,,3700-190,São João da Madeira,Portugal,,,,yes,Serviço de Urgência Básica,,Urgência Adultos,256837500,hsjm@chedv.min-saude.pt,,01/12/19,16/04/2020,,2773011,2167745
"Centro Hospitalar do Nordeste - ULS do Nordeste, E.P.E.",ARS Norte,Avenida Nossa Senhora do Amparo,,5370-210,Mirandela,Portugal,,,,yes,Serviço de Urgência Médico-Cirúrgico,,"Medicina Interna, Urgência Crianças e Adolescentes, Sala de Observações com Camas - Pediátrico, Patologia Clínica, Sala de Observações com Camas - Adultos, Pediatria, Cirurgia Geral, Imagiologia - RX convencional, ecografia e TC",278260500,secretariado.sede@ulsne.min-saude.pt,,01/12/19,16/04/2020,,2893694,2205978
"Centro Hospitalar do Nordeste - ULS do Nordeste, E.P.E.",ARS Norte,"Rua Congregação São Vicente de Paulo, 136",,5200-207,Mogadouro,Portugal,,,,yes,Serviço de Urgência Básica,,"Urgência Adultos, Sala de Observações com Camas - Adultos",279340307,secretariado.sede@ulsne.min-saude.pt,,01/12/19,16/04/2020,,2929391,2181669
"Centro Hospitalar do Oeste, E.P.E.",ARS Lisboa e Vale do Tejo,Rua General Humberto Delgado,,2520-447,Peniche,Portugal,,,,yes,Serviço de Urgência Básica,,"Urgência Adultos, Sala de Observações com Camas - Adultos",262780900,secretariado.ca@choeste.min-saude.pt,,01/12/19,16/04/2020,,2661189,2021304
"Centro Hospitalar Universitário do Algarve, E.P.E.",ARS Algarve,Rua Leão Penedo,,8000-386,Faro,Portugal,,,,yes,Serviço de Urgência Polivalente,,"Sala de Observações com Camas - Adultos, Neurocirurgia, Angiografia Digital e RMN, Imunohemoterapia, Patologia Clínica, Pediatria, Bloco Operatório, Cardiologia de Intervenção, Cirurgia Geral, Pneumologia (com endoscopia), Toxicologia, Imagiologia - RX convencional, ecografia e TC, Unidade de Cuidados Intensivos - Neonatais, Urgência Crianças e Adolescentes, Ortopedia, Sala de Observações com Camas - Pediátrico, Unidade de Cuidados Intensivos - Pediátrica, Gastroenterologia (com endoscopia), Anestesiologia, Obstetrícia, Unidade de Cuidados Intensivos - Coronários, Urgência Adultos, Cardiologia, Unidade de Cuidados Intensivos - Adultos",289891100,administracao@hdfaro.min-saude.pt,,01/12/19,16/04/2020,,2728762,1737607
"Hospitais da ULS da Guarda, E.P.E.",ARS Centro,Avenida Rainha Dona Amélia,,6300-858,Guarda,Portugal,,,,yes,Serviço de Urgência Médico-Cirúrgico,,"Imagiologia - RX convencional, Sala de Observações com Camas - Adultos, Urgência Adultos, Urgência Crianças e Adolescentes, Medicina Interna, Ortopedia, Patologia Clínica, Unidade de Cuidados Intensivos - Adultos, Pediatria, Obstetrícia, Cirurgia Geral, Imunohemoterapia, Bloco Operatório, Imagiologia - Ecografia, Imagiologia - TC",271210840,secretariado.ca@ulsguarda.min-saude.pt,,01/12/19,16/04/2020,,2864791,2104158
